type,id,slug,status,author,date,modified,link,template,elementor,words,embedded_images,shortcodes,internal_links,yoast_title,yoast_description,canonical,robots,og_image
page,5909,cancel-request-form,publish,1,2026-03-23T23:04:15,2026-03-23T23:04:15,https://prosporter.com.au/cancel-request-form/,,no,0,0,,0,Cancel Request Form - ProSporter Australia,,https://prosporter.com.au/cancel-request-form/,index,
page,5908,guest-request-form,publish,1,2026-03-23T23:04:14,2026-03-23T23:04:14,https://prosporter.com.au/guest-request-form/,,no,0,0,,0,Guest Return/Exchange Request Form - ProSporter Australia,,https://prosporter.com.au/guest-request-form/,index,
page,5907,exchange-request-form,publish,1,2026-03-23T23:04:14,2026-03-23T23:04:14,https://prosporter.com.au/exchange-request-form/,,no,0,0,,0,Exchange Request Form - ProSporter Australia,,https://prosporter.com.au/exchange-request-form/,index,
page,5899,view-order-msg,publish,1,2026-03-23T22:28:43,2026-03-23T22:28:43,https://prosporter.com.au/view-order-msg/,,no,0,0,,0,View Order Messages - ProSporter Australia,,https://prosporter.com.au/view-order-msg/,index,
page,5898,refund-request-form,publish,1,2026-03-23T22:28:42,2026-03-23T22:28:42,https://prosporter.com.au/refund-request-form/,,no,0,0,,0,Refund Request Form - ProSporter Australia,,https://prosporter.com.au/refund-request-form/,index,
page,4625,wishlist-2,publish,0,2025-03-24T22:51:26,2025-03-24T22:51:26,https://prosporter.com.au/wishlist-2/,,no,1,0,qode_wishlist_for_woocommerce_tablex1,0,Wishlist - ProSporter Australia,,https://prosporter.com.au/wishlist-2/,index,
page,4253,wishlist,publish,1,2024-12-08T12:29:14,2024-12-08T12:29:14,https://prosporter.com.au/wishlist/,,no,1,0,qode_wishlist_for_woocommerce_tablex1,0,Wishlist - ProSporter Australia,,https://prosporter.com.au/wishlist/,index,
page,3276,,draft,1,2024-05-02T18:29:29,2024-05-02T18:29:29,https://prosporter.com.au/?page_id=3276,,yes,244,10,,6,About - ProSporter Australia,"Located in Australia, we are committed to delivering products that meet the highest standards and exceed our customers’ expectations.",https://prosporter.com.au/?page_id=3276,index,http://prosporter.com.au/wp-content/uploads/2024/01/CLIENT-1.png
page,2627,knee-pads,publish,1,2024-03-11T20:39:24,2024-03-12T18:57:30,https://prosporter.com.au/knee-pads/,,yes,3,0,productsx1,0,KNEE PADS - ProSporter Australia,,https://prosporter.com.au/knee-pads/,index,
page,2535,,draft,1,2024-02-27T10:23:19,2024-02-27T10:23:19,https://prosporter.com.au/?page_id=2535,,yes,72,12,,6,Collections - ProSporter Australia,,https://prosporter.com.au/?page_id=2535,index,http://prosporter.com.au/wp-content/uploads/2024/01/CLIENT-1.png
page,1730,size-guide,publish,1,2024-01-28T18:43:37,2025-04-18T06:50:51,https://prosporter.com.au/size-guide/,,yes,24,7,,0,Size Guide - ProSporter Australia,,https://prosporter.com.au/size-guide/,index,https://prosporter.com.au/wp-content/uploads/2025/04/Unisex-Size-Guide-1.png
page,1692,,draft,1,2024-01-28T17:56:10,2024-01-28T17:56:10,https://prosporter.com.au/?page_id=1692,,yes,0,0,,0,Elementor #1692 - ProSporter Australia,,https://prosporter.com.au/?page_id=1692,index,
page,1687,1687-2,publish,1,2024-01-28T17:46:29,2024-01-28T17:47:20,https://prosporter.com.au/1687-2/,,no,15,0,,0,- ProSporter Australia,,https://prosporter.com.au/1687-2/,index,
page,1285,collections,publish,1,2024-01-23T19:29:30,2024-03-26T13:13:24,https://prosporter.com.au/collections/,,yes,72,12,,9,Collections - ProSporter Australia,"Showcase your unique taste, pick your sport and express your interests. The first step in picking your collection is to follow your passion.",https://prosporter.com.au/collections/,index,http://prosporter.com.au/wp-content/uploads/2024/01/CLIENT-1.png
page,1121,refund-policy,publish,1,2024-01-22T17:58:27,2024-05-09T11:03:12,https://prosporter.com.au/refund-policy/,,yes,323,1,,6,Refund Policy - ProSporter Australia,,https://prosporter.com.au/refund-policy/,index,http://prosporter.com.au/wp-content/uploads/2024/02/Prosporter-Logo_Colour-1024x154.png
page,653,terms-of-service,publish,1,2024-01-20T21:10:29,2024-05-09T11:03:35,https://prosporter.com.au/terms-of-service/,,yes,3254,1,,6,Terms Of Service - ProSporter Australia,,https://prosporter.com.au/terms-of-service/,index,http://prosporter.com.au/wp-content/uploads/2024/02/Prosporter-Logo_Colour-1024x154.png
page,648,privacy-policy,publish,1,2024-01-20T21:06:16,2024-05-09T11:04:42,https://prosporter.com.au/privacy-policy/,,yes,694,1,,6,Privacy Policy - ProSporter Australia,,https://prosporter.com.au/privacy-policy/,index,http://prosporter.com.au/wp-content/uploads/2024/02/Prosporter-Logo_Colour-1024x154.png
page,42,my-account,publish,1,2024-01-19T02:00:06,2024-01-19T02:00:06,https://prosporter.com.au/my-account/,,no,1,0,woocommerce_my_accountx1,0,My account - ProSporter Australia,,https://prosporter.com.au/my-account/,index,
page,40,cart,publish,1,2024-01-19T02:00:06,2024-12-03T12:12:28,https://prosporter.com.au/cart/,,no,10,1,,1,Cart - ProSporter Australia,,https://prosporter.com.au/cart/,index,https://prosporter.com.au/wp-content/uploads/2024/02/Checkout-Button.png
page,41,checkout,publish,1,2024-01-19T02:00:06,2025-05-22T09:30:47,https://prosporter.com.au/checkout/,,yes,113,0,Removex1,1,Checkout - ProSporter Australia,,https://prosporter.com.au/checkout/,index,
page,22,blog,publish,1,2024-01-18T23:03:29,2024-01-18T23:03:29,https://prosporter.com.au/blog/,,no,0,0,,0,Blog - ProSporter Australia,,https://prosporter.com.au/blog/,index,
page,314,shop-sporter,publish,1,2019-12-20T10:54:34,2026-01-11T11:48:45,https://prosporter.com.au/shop-sporter/,,yes,22,2,wpf-filtersx1,6,Shop - ProSporter Australia,We understand the importance of quality when it comes to sportswear and equipment.,https://prosporter.com.au/shop-sporter/,index,https://prosporter.com.au/wp-content/uploads/2024/03/ExploreShop.png
page,250,contact,publish,1,2019-12-18T13:43:06,2026-01-11T11:52:11,https://prosporter.com.au/contact/,,yes,50,1,,6,Contact - ProSporter Australia,"If you have any questions, concerns, feedback or want to partner up please feel free to reach out!",https://prosporter.com.au/contact/,index,https://prosporter.com.au/wp-content/uploads/2024/02/Prosporter-Logo_Colour.png
page,230,faq,publish,1,2019-12-18T13:14:46,2026-01-11T11:55:04,https://prosporter.com.au/faq/,,yes,339,9,,7,FAQ - ProSporter Australia,"Find answers to frequently asked questions about placing an order, payment methods, order modification, delivery time, damaged or incorrect items, order cancellation, delivery all over Australia.",https://prosporter.com.au/faq/,index,http://prosporter.com.au/wp-content/uploads/2024/01/CLIENT-1.png
page,221,blog-2,publish,1,2019-12-18T12:57:05,2019-12-18T12:57:05,https://prosporter.com.au/blog-2/,full_width.php,yes,240,9,,0,Blog - ProSporter Australia,,https://prosporter.com.au/blog-2/,index,https://bridge302.qodeinteractive.com/wp-content/uploads/2019/12/blog-img-1-539x303.jpg
page,195,about,publish,1,2019-12-18T12:30:44,2026-01-11T11:53:38,https://prosporter.com.au/about/,,yes,243,10,,6,About - ProSporter Australia,"Located in Australia, we are committed to delivering products that meet the highest standards and exceed our customers’ expectations.",https://prosporter.com.au/about/,index,http://prosporter.com.au/wp-content/uploads/2024/01/CLIENT-1.png
page,49,my-account-2,publish,1,2019-12-17T09:44:18,2019-12-17T09:44:18,https://prosporter.com.au/my-account-2/,,no,1,0,woocommerce_my_accountx1,0,My account - ProSporter Australia,,https://prosporter.com.au/my-account-2/,index,
page,48,checkout-2,publish,1,2019-12-17T09:44:18,2025-05-22T08:11:24,https://prosporter.com.au/checkout-2/,,yes,319,1,Removex1,3,Checkout - ProSporter Australia,,https://prosporter.com.au/checkout-2/,index,https://prosporter.com.au/wp-content/plugins/woocommerce-gateway-stripe/assets/images/cards.svg
page,47,cart-2,publish,1,2019-12-17T09:44:18,2019-12-17T09:44:18,https://prosporter.com.au/cart-2/,,no,1,0,woocommerce_cartx1,0,Cart - ProSporter Australia,,https://prosporter.com.au/cart-2/,index,
page,344,home,publish,1,2019-12-16T15:30:18,2026-08-23T14:32:51,https://prosporter.com.au/,full_width.php,yes,156,20,,39,ProSporter Australia,Your one-stop destination for high-quality sport clothing and products. We are dedicated to providing athletes and sports enthusiasts with the best gear and apparel to help them perform at their best.,https://prosporter.com.au/,index,https://prosporter.com.au/wp-content/uploads/2024/01/CLIENT-1.png
post,17,how-to-choose-the-right-sport-merchant-for-your-business,publish,1,2024-01-18T23:03:24,2024-01-18T23:03:24,https://prosporter.com.au/how-to-choose-the-right-sport-merchant-for-your-business/,,no,439,0,,0,How to Choose the Right Sport Merchant for Your Business - ProSporter Australia,,https://prosporter.com.au/how-to-choose-the-right-sport-merchant-for-your-business/,index,https://prosporter.com.au/wp-content/uploads/2024/01/image-1705619005-scaled.jpg
post,14,the-benefits-of-shopping-at-a-sport-merchant,publish,1,2024-01-18T23:03:05,2024-01-18T23:03:05,https://prosporter.com.au/the-benefits-of-shopping-at-a-sport-merchant/,,no,509,0,,0,The Benefits of Shopping at a Sport Merchant - ProSporter Australia,,https://prosporter.com.au/the-benefits-of-shopping-at-a-sport-merchant/,index,https://prosporter.com.au/wp-content/uploads/2024/01/image-1705618985-scaled.jpg
post,11,choosing-the-right-sport-merchant-for-your-needs,publish,1,2024-01-18T23:02:50,2024-01-18T23:02:50,https://prosporter.com.au/choosing-the-right-sport-merchant-for-your-needs/,,no,527,0,,0,Choosing the Right Sport Merchant for Your Needs - ProSporter Australia,,https://prosporter.com.au/choosing-the-right-sport-merchant-for-your-needs/,index,https://prosporter.com.au/wp-content/uploads/2024/01/image-1705618970-scaled.jpg
post,8,how-to-choose-the-right-sport-merchant-for-your-needs,publish,1,2024-01-18T23:02:29,2024-01-18T23:02:29,https://prosporter.com.au/how-to-choose-the-right-sport-merchant-for-your-needs/,,no,496,0,,0,How to Choose the Right Sport Merchant for Your Needs - ProSporter Australia,,https://prosporter.com.au/how-to-choose-the-right-sport-merchant-for-your-needs/,index,https://prosporter.com.au/wp-content/uploads/2024/01/image-1705618951-scaled.jpg
post,6,a-guide-to-choosing-the-right-sport-merchant,publish,1,2024-01-18T22:53:54,2024-01-18T22:53:54,https://prosporter.com.au/a-guide-to-choosing-the-right-sport-merchant/,,no,465,0,,0,A Guide to Choosing the Right Sport Merchant - ProSporter Australia,,https://prosporter.com.au/a-guide-to-choosing-the-right-sport-merchant/,index,https://prosporter.com.au/wp-content/uploads/2024/01/image-1705618435-scaled.jpg
post,4,the-ultimate-guide-to-choosing-the-right-sport-merchant,publish,1,2024-01-18T22:53:33,2024-01-18T22:53:33,https://prosporter.com.au/the-ultimate-guide-to-choosing-the-right-sport-merchant/,,no,523,0,,0,The Ultimate Guide to Choosing the Right Sport Merchant - ProSporter Australia,,https://prosporter.com.au/the-ultimate-guide-to-choosing-the-right-sport-merchant/,index,https://prosporter.com.au/wp-content/uploads/2024/01/image-1705618413-scaled.jpg
post,137,superfood-beauty,publish,1,2019-12-17T14:22:29,2019-12-17T14:22:29,https://prosporter.com.au/superfood-beauty/,,yes,237,0,,0,SUPERFOOD BEAUTY - ProSporter Australia,,https://prosporter.com.au/superfood-beauty/,index,https://prosporter.com.au/wp-content/uploads/2019/12/blog-img-1.jpg
post,134,authentic-brands,publish,1,2019-12-17T14:21:18,2019-12-17T14:21:18,https://prosporter.com.au/authentic-brands/,,yes,237,0,,0,AUTHENTIC BRANDS - ProSporter Australia,,https://prosporter.com.au/authentic-brands/,index,https://prosporter.com.au/wp-content/uploads/2019/12/blog-img-2.jpg
post,131,led-light-therapy,publish,1,2019-12-17T14:19:50,2019-12-17T14:19:50,https://prosporter.com.au/led-light-therapy/,,yes,237,0,,0,LED LIGHT THERAPY - ProSporter Australia,,https://prosporter.com.au/led-light-therapy/,index,https://prosporter.com.au/wp-content/uploads/2019/12/blog-img-3.jpg
post,128,hair-care-organic,publish,1,2019-12-17T14:18:27,2019-12-17T14:18:27,https://prosporter.com.au/hair-care-organic/,,yes,237,0,,0,HAIR CARE ORGANIC - ProSporter Australia,,https://prosporter.com.au/hair-care-organic/,index,https://prosporter.com.au/wp-content/uploads/2019/12/blog-img-4.jpg
post,125,ethical-skin-care,publish,1,2019-12-17T14:17:25,2019-12-17T14:17:25,https://prosporter.com.au/ethical-skin-care/,,yes,237,0,,0,ETHICAL SKIN CARE - ProSporter Australia,,https://prosporter.com.au/ethical-skin-care/,index,https://prosporter.com.au/wp-content/uploads/2019/12/blog-img-5.jpg
post,122,growing-categories,publish,1,2019-12-17T14:16:13,2019-12-17T14:16:13,https://prosporter.com.au/growing-categories/,,yes,237,0,,0,GROWING CATEGORIES - ProSporter Australia,,https://prosporter.com.au/growing-categories/,index,https://prosporter.com.au/wp-content/uploads/2019/12/blog-img-6.jpg
post,119,everything-about-skin,publish,1,2019-12-17T14:13:58,2019-12-17T14:13:58,https://prosporter.com.au/everything-about-skin/,,yes,237,0,,0,EVERYTHING ABOUT SKIN - ProSporter Australia,,https://prosporter.com.au/everything-about-skin/,index,https://prosporter.com.au/wp-content/uploads/2019/12/blog-img-7.jpg
post,116,latest-make-up-trends,publish,1,2019-12-17T14:12:18,2019-12-17T14:12:18,https://prosporter.com.au/latest-make-up-trends/,,yes,237,0,,0,LATEST MAKE-UP TRENDS - ProSporter Australia,,https://prosporter.com.au/latest-make-up-trends/,index,https://prosporter.com.au/wp-content/uploads/2019/12/blog-img-8.jpg
post,109,109,publish,1,2019-12-17T14:04:24,2019-12-17T14:04:24,https://prosporter.com.au/109/,,yes,237,0,,0,ULTIMATE SKINCARE - ProSporter Australia,,https://prosporter.com.au/109/,index,https://prosporter.com.au/wp-content/uploads/2019/12/blog-img-9.jpg
