severity,entity,id,field,problem,owner,disposition
high,order,4554,status,open order status=processing at snapshot; must be resolved or re-snapshotted at cutover,client,
high,order,4644,status,open order status=processing at snapshot; must be resolved or re-snapshotted at cutover,client,
high,order,4662,status,open order status=processing at snapshot; must be resolved or re-snapshotted at cutover,client,
high,order,4663,status,open order status=processing at snapshot; must be resolved or re-snapshotted at cutover,client,
high,order,4666,status,open order status=processing at snapshot; must be resolved or re-snapshotted at cutover,client,
high,order,4670,status,open order status=processing at snapshot; must be resolved or re-snapshotted at cutover,client,
high,order,4674,status,open order status=processing at snapshot; must be resolved or re-snapshotted at cutover,client,
high,order,4675,status,open order status=processing at snapshot; must be resolved or re-snapshotted at cutover,client,
high,order,4676,status,open order status=processing at snapshot; must be resolved or re-snapshotted at cutover,client,
high,order,4677,status,open order status=processing at snapshot; must be resolved or re-snapshotted at cutover,client,
high,order,5065,status,open order status=processing at snapshot; must be resolved or re-snapshotted at cutover,client,
high,order,5067,status,open order status=processing at snapshot; must be resolved or re-snapshotted at cutover,client,
high,order,5068,status,open order status=processing at snapshot; must be resolved or re-snapshotted at cutover,client,
high,order,5069,status,open order status=processing at snapshot; must be resolved or re-snapshotted at cutover,client,
high,order,5070,status,open order status=processing at snapshot; must be resolved or re-snapshotted at cutover,client,
high,order,5071,status,open order status=processing at snapshot; must be resolved or re-snapshotted at cutover,client,
high,order,5093,status,open order status=processing at snapshot; must be resolved or re-snapshotted at cutover,client,
high,order,5204,status,open order status=processing at snapshot; must be resolved or re-snapshotted at cutover,client,
high,order,5299,status,open order status=processing at snapshot; must be resolved or re-snapshotted at cutover,client,
high,order,5303,status,open order status=processing at snapshot; must be resolved or re-snapshotted at cutover,client,
high,order,5338,status,open order status=pending at snapshot; must be resolved or re-snapshotted at cutover,client,
high,order,5344,status,open order status=pending at snapshot; must be resolved or re-snapshotted at cutover,client,
high,order,5360,status,open order status=pending at snapshot; must be resolved or re-snapshotted at cutover,client,
high,order,5366,status,open order status=pending at snapshot; must be resolved or re-snapshotted at cutover,client,
high,order,5370,status,open order status=pending at snapshot; must be resolved or re-snapshotted at cutover,client,
high,order,5391,status,open order status=processing at snapshot; must be resolved or re-snapshotted at cutover,client,
high,order,5394,status,open order status=pending at snapshot; must be resolved or re-snapshotted at cutover,client,
high,order,5409,status,open order status=pending at snapshot; must be resolved or re-snapshotted at cutover,client,
high,order,5417,status,open order status=pending at snapshot; must be resolved or re-snapshotted at cutover,client,
high,order,5453,status,open order status=pending at snapshot; must be resolved or re-snapshotted at cutover,client,
high,order,5455,status,open order status=processing at snapshot; must be resolved or re-snapshotted at cutover,client,
high,order,5467,status,open order status=pending at snapshot; must be resolved or re-snapshotted at cutover,client,
high,order,5515,status,open order status=processing at snapshot; must be resolved or re-snapshotted at cutover,client,
high,order,5566,status,open order status=pending at snapshot; must be resolved or re-snapshotted at cutover,client,
high,order,5570,status,open order status=processing at snapshot; must be resolved or re-snapshotted at cutover,client,
high,order,5596,status,open order status=pending at snapshot; must be resolved or re-snapshotted at cutover,client,
high,order,5601,status,open order status=processing at snapshot; must be resolved or re-snapshotted at cutover,client,
high,order,5662,status,open order status=processing at snapshot; must be resolved or re-snapshotted at cutover,client,
high,order,5679,status,open order status=processing at snapshot; must be resolved or re-snapshotted at cutover,client,
high,order,5700,status,open order status=pending at snapshot; must be resolved or re-snapshotted at cutover,client,
high,order,5726,status,open order status=processing at snapshot; must be resolved or re-snapshotted at cutover,client,
high,order,5771,status,open order status=processing at snapshot; must be resolved or re-snapshotted at cutover,client,
high,order,5773,status,open order status=processing at snapshot; must be resolved or re-snapshotted at cutover,client,
high,order,5775,status,open order status=processing at snapshot; must be resolved or re-snapshotted at cutover,client,
high,order,5776,status,open order status=processing at snapshot; must be resolved or re-snapshotted at cutover,client,
high,order,5777,status,open order status=processing at snapshot; must be resolved or re-snapshotted at cutover,client,
high,order,5778,status,open order status=processing at snapshot; must be resolved or re-snapshotted at cutover,client,
high,order,5866,status,open order status=processing at snapshot; must be resolved or re-snapshotted at cutover,client,
high,order,5878,status,open order status=processing at snapshot; must be resolved or re-snapshotted at cutover,client,
high,order,5889,status,open order status=processing at snapshot; must be resolved or re-snapshotted at cutover,client,
high,order,5890,status,open order status=processing at snapshot; must be resolved or re-snapshotted at cutover,client,
high,order,5891,status,open order status=processing at snapshot; must be resolved or re-snapshotted at cutover,client,
high,order,5892,status,open order status=processing at snapshot; must be resolved or re-snapshotted at cutover,client,
high,order,5914,status,open order status=pending at snapshot; must be resolved or re-snapshotted at cutover,client,
high,order,5944,status,open order status=pending at snapshot; must be resolved or re-snapshotted at cutover,client,
high,order,5949,status,open order status=processing at snapshot; must be resolved or re-snapshotted at cutover,client,
high,order,6025,status,open order status=processing at snapshot; must be resolved or re-snapshotted at cutover,client,
high,order,6064,status,open order status=processing at snapshot; must be resolved or re-snapshotted at cutover,client,
high,order,6065,status,open order status=processing at snapshot; must be resolved or re-snapshotted at cutover,client,
high,order,6077,status,open order status=processing at snapshot; must be resolved or re-snapshotted at cutover,client,
high,order,6078,status,open order status=processing at snapshot; must be resolved or re-snapshotted at cutover,client,
high,order,6079,status,open order status=processing at snapshot; must be resolved or re-snapshotted at cutover,client,
high,order,6104,status,open order status=processing at snapshot; must be resolved or re-snapshotted at cutover,client,
high,order,6114,status,open order status=processing at snapshot; must be resolved or re-snapshotted at cutover,client,
high,order,6177,status,open order status=processing at snapshot; must be resolved or re-snapshotted at cutover,client,
high,order,6215,status,open order status=pending at snapshot; must be resolved or re-snapshotted at cutover,client,
high,order,6216,status,open order status=pending at snapshot; must be resolved or re-snapshotted at cutover,client,
high,order,6263,status,open order status=processing at snapshot; must be resolved or re-snapshotted at cutover,client,
high,order,6322,status,open order status=pending at snapshot; must be resolved or re-snapshotted at cutover,client,
high,order,6325,status,open order status=pending at snapshot; must be resolved or re-snapshotted at cutover,client,
high,order,6326,status,open order status=pending at snapshot; must be resolved or re-snapshotted at cutover,client,
high,order,6329,status,open order status=pending at snapshot; must be resolved or re-snapshotted at cutover,client,
high,order,6334,status,open order status=pending at snapshot; must be resolved or re-snapshotted at cutover,client,
high,order,6335,status,open order status=pending at snapshot; must be resolved or re-snapshotted at cutover,client,
high,order,6336,status,open order status=pending at snapshot; must be resolved or re-snapshotted at cutover,client,
high,order,6337,status,open order status=pending at snapshot; must be resolved or re-snapshotted at cutover,client,
high,order,6338,status,open order status=pending at snapshot; must be resolved or re-snapshotted at cutover,client,
high,order,6347,status,open order status=pending at snapshot; must be resolved or re-snapshotted at cutover,client,
high,order,6356,status,open order status=pending at snapshot; must be resolved or re-snapshotted at cutover,client,
high,order,6362,status,open order status=pending at snapshot; must be resolved or re-snapshotted at cutover,client,
high,order,6369,status,open order status=pending at snapshot; must be resolved or re-snapshotted at cutover,client,
high,order,6381,status,open order status=pending at snapshot; must be resolved or re-snapshotted at cutover,client,
high,order,6384,status,open order status=pending at snapshot; must be resolved or re-snapshotted at cutover,client,
high,order,6393,status,open order status=pending at snapshot; must be resolved or re-snapshotted at cutover,client,
high,order,6395,status,open order status=pending at snapshot; must be resolved or re-snapshotted at cutover,client,
high,order,6396,status,open order status=pending at snapshot; must be resolved or re-snapshotted at cutover,client,
high,order,6399,status,open order status=processing at snapshot; must be resolved or re-snapshotted at cutover,client,
high,order,6402,status,open order status=processing at snapshot; must be resolved or re-snapshotted at cutover,client,
high,order,6403,status,open order status=processing at snapshot; must be resolved or re-snapshotted at cutover,client,
high,order,6409,status,open order status=processing at snapshot; must be resolved or re-snapshotted at cutover,client,
high,order,6411,status,open order status=processing at snapshot; must be resolved or re-snapshotted at cutover,client,
high,order,6817,status,open order status=pending at snapshot; must be resolved or re-snapshotted at cutover,client,
high,order,6819,status,open order status=pending at snapshot; must be resolved or re-snapshotted at cutover,client,
high,order,6821,status,open order status=pending at snapshot; must be resolved or re-snapshotted at cutover,client,
high,order,6846,status,open order status=pending at snapshot; must be resolved or re-snapshotted at cutover,client,
high,order,6847,status,open order status=pending at snapshot; must be resolved or re-snapshotted at cutover,client,
high,product,3593,type,type=easy_product_bundle (bundle plugin); no direct Shopify equivalent,client,
high,product,6479,images,no product images,purpl,
high,product,6496,images,no product images,purpl,
high,product,6512,images,no product images,purpl,
high,product,6527,images,no product images,purpl,
high,product,6542,images,no product images,purpl,
high,product,6548,images,no product images,purpl,
high,product,6554,images,no product images,purpl,
high,product,6562,images,no product images,purpl,
high,product,6575,images,no product images,purpl,
high,product,6577,images,no product images,purpl,
high,product,6579,images,no product images,purpl,
high,product,6586,images,no product images,purpl,
high,product,6593,images,no product images,purpl,
high,product,6601,images,no product images,purpl,
high,product,6609,images,no product images,purpl,
high,product,6636,images,no product images,purpl,
high,product,6642,images,no product images,purpl,
high,product,6648,images,no product images,purpl,
high,product,6653,images,no product images,purpl,
high,product,6692,images,no product images,purpl,
high,product,6695,images,no product images,purpl,
high,product,6697,images,no product images,purpl,
high,product,6699,images,no product images,purpl,
high,product,6701,images,no product images,purpl,
high,product,6706,images,no product images,purpl,
high,product,6710,images,no product images,purpl,
high,product,6716,images,no product images,purpl,
high,product,6718,images,no product images,purpl,
high,product,6718,attributes,4 attributes; Shopify allows 3 options,purpl,
high,product,6748,images,no product images,purpl,
high,product,6748,attributes,4 attributes; Shopify allows 3 options,purpl,
high,product,6758,images,no product images,purpl,
high,product,6763,images,no product images,purpl,
high,product,6768,images,no product images,purpl,
high,product,6773,images,no product images,purpl,
high,product,6777,images,no product images,purpl,
high,product,6779,images,no product images,purpl,
high,product,6781,images,no product images,purpl,
high,product,6783,images,no product images,purpl,
high,product,6785,images,no product images,purpl,
high,product,6787,images,no product images,purpl,
high,product,6789,images,no product images,purpl,
high,product,6801,images,no product images,purpl,
high,product,6809,images,no product images,purpl,
high,product,6851,images,no product images,purpl,
high,product,6855,images,no product images,purpl,
high,variation,2035,regular_price,variation has no regular price (parent 1650),purpl,
high,variation,2036,regular_price,variation has no regular price (parent 1650),purpl,
high,variation,2037,regular_price,variation has no regular price (parent 1650),purpl,
high,variation,3886,regular_price,variation has no regular price (parent 3881),purpl,
high,variation,4538,regular_price,variation has no regular price (parent 3956),purpl,
high,variation,5033,regular_price,variation has no regular price (parent 4972),purpl,
high,variation,5034,regular_price,variation has no regular price (parent 4972),purpl,
high,variation,5035,regular_price,variation has no regular price (parent 4972),purpl,
high,variation,5036,regular_price,variation has no regular price (parent 4972),purpl,
high,variation,5437,regular_price,variation has no regular price (parent 5434),purpl,
high,variation,5585,sku,duplicate SKU PROT00CEU used 9 times,purpl,
high,variation,5586,sku,duplicate SKU PROT00CEU used 9 times,purpl,
high,variation,5587,sku,duplicate SKU PROT00CEU used 9 times,purpl,
high,variation,5588,sku,duplicate SKU PROT00CEU used 9 times,purpl,
high,variation,5589,sku,duplicate SKU PROT00CEU used 9 times,purpl,
high,variation,5590,sku,duplicate SKU PROT00CEU used 9 times,purpl,
high,variation,5591,sku,duplicate SKU PROT00CEU used 9 times,purpl,
high,variation,5592,sku,duplicate SKU PROT00CEU used 9 times,purpl,
high,variation,6044,sku,variation missing SKU (parent 6027),purpl,
high,variation,6134,sku,duplicate SKU PROT00SLM used 9 times,purpl,
high,variation,6135,sku,duplicate SKU PROT00SLM used 9 times,purpl,
high,variation,6136,sku,duplicate SKU PROT00SLM used 9 times,purpl,
high,variation,6137,sku,duplicate SKU PROT00SLM used 9 times,purpl,
high,variation,6138,sku,duplicate SKU PROT00SLM used 9 times,purpl,
high,variation,6139,sku,duplicate SKU PROT00SLM used 9 times,purpl,
high,variation,6140,sku,duplicate SKU PROT00SLM used 9 times,purpl,
high,variation,6141,sku,duplicate SKU PROT00SLM used 9 times,purpl,
high,variation,6374,sku,duplicate SKU PROT03FAF used 2 times,purpl,
high,variation,6429,sku,duplicate SKU PROT00SSW used 2 times,purpl,
high,variation,6429,regular_price,variation has no regular price (parent 4456),purpl,
high,variation,6441,sku,duplicate SKU PROT00STMS used 3 times,purpl,
high,variation,6442,sku,duplicate SKU PROT00STMS used 3 times,purpl,
high,variation,6451,sku,duplicate SKU PROT98VOL used 2 times,purpl,
high,variation,6454,sku,duplicate SKU PROT99VOL used 2 times,purpl,
high,variation,6457,sku,duplicate SKU PROT00STW-1 used 2 times,purpl,
high,variation,6482,sku,variation missing SKU (parent 6479),purpl,
high,variation,6483,sku,variation missing SKU (parent 6479),purpl,
high,variation,6484,sku,variation missing SKU (parent 6479),purpl,
high,variation,6485,sku,variation missing SKU (parent 6479),purpl,
high,variation,6486,sku,variation missing SKU (parent 6479),purpl,
high,variation,6487,sku,variation missing SKU (parent 6479),purpl,
high,variation,6488,sku,variation missing SKU (parent 6479),purpl,
high,variation,6489,sku,variation missing SKU (parent 6479),purpl,
high,variation,6490,sku,variation missing SKU (parent 6479),purpl,
high,variation,6491,sku,variation missing SKU (parent 6479),purpl,
high,variation,6492,sku,variation missing SKU (parent 6479),purpl,
high,variation,6493,sku,variation missing SKU (parent 6479),purpl,
high,variation,6494,sku,variation missing SKU (parent 6479),purpl,
high,variation,6495,sku,variation missing SKU (parent 6479),purpl,
high,variation,6497,sku,variation missing SKU (parent 6496),purpl,
high,variation,6498,sku,variation missing SKU (parent 6496),purpl,
high,variation,6499,sku,variation missing SKU (parent 6496),purpl,
high,variation,6500,sku,variation missing SKU (parent 6496),purpl,
high,variation,6501,sku,variation missing SKU (parent 6496),purpl,
high,variation,6502,sku,variation missing SKU (parent 6496),purpl,
high,variation,6503,sku,variation missing SKU (parent 6496),purpl,
high,variation,6504,sku,variation missing SKU (parent 6496),purpl,
high,variation,6505,sku,variation missing SKU (parent 6496),purpl,
high,variation,6506,sku,variation missing SKU (parent 6496),purpl,
high,variation,6507,sku,variation missing SKU (parent 6496),purpl,
high,variation,6508,sku,variation missing SKU (parent 6496),purpl,
high,variation,6509,sku,variation missing SKU (parent 6496),purpl,
high,variation,6510,sku,variation missing SKU (parent 6496),purpl,
high,variation,6513,sku,variation missing SKU (parent 6512),purpl,
high,variation,6514,sku,variation missing SKU (parent 6512),purpl,
high,variation,6515,sku,variation missing SKU (parent 6512),purpl,
high,variation,6516,sku,variation missing SKU (parent 6512),purpl,
high,variation,6517,sku,variation missing SKU (parent 6512),purpl,
high,variation,6518,sku,variation missing SKU (parent 6512),purpl,
high,variation,6519,sku,variation missing SKU (parent 6512),purpl,
high,variation,6520,sku,variation missing SKU (parent 6512),purpl,
high,variation,6521,sku,variation missing SKU (parent 6512),purpl,
high,variation,6522,sku,variation missing SKU (parent 6512),purpl,
high,variation,6523,sku,variation missing SKU (parent 6512),purpl,
high,variation,6524,sku,variation missing SKU (parent 6512),purpl,
high,variation,6525,sku,variation missing SKU (parent 6512),purpl,
high,variation,6526,sku,variation missing SKU (parent 6512),purpl,
high,variation,6528,sku,variation missing SKU (parent 6527),purpl,
high,variation,6529,sku,variation missing SKU (parent 6527),purpl,
high,variation,6530,sku,variation missing SKU (parent 6527),purpl,
high,variation,6531,sku,variation missing SKU (parent 6527),purpl,
high,variation,6532,sku,variation missing SKU (parent 6527),purpl,
high,variation,6533,sku,variation missing SKU (parent 6527),purpl,
high,variation,6534,sku,variation missing SKU (parent 6527),purpl,
high,variation,6535,sku,variation missing SKU (parent 6527),purpl,
high,variation,6536,sku,variation missing SKU (parent 6527),purpl,
high,variation,6537,sku,variation missing SKU (parent 6527),purpl,
high,variation,6538,sku,variation missing SKU (parent 6527),purpl,
high,variation,6539,sku,variation missing SKU (parent 6527),purpl,
high,variation,6540,sku,variation missing SKU (parent 6527),purpl,
high,variation,6541,sku,variation missing SKU (parent 6527),purpl,
high,variation,6543,sku,variation missing SKU (parent 6542),purpl,
high,variation,6544,sku,variation missing SKU (parent 6542),purpl,
high,variation,6545,sku,variation missing SKU (parent 6542),purpl,
high,variation,6546,sku,variation missing SKU (parent 6542),purpl,
high,variation,6547,sku,variation missing SKU (parent 6542),purpl,
high,variation,6549,sku,variation missing SKU (parent 6548),purpl,
high,variation,6550,sku,variation missing SKU (parent 6548),purpl,
high,variation,6551,sku,variation missing SKU (parent 6548),purpl,
high,variation,6552,sku,variation missing SKU (parent 6548),purpl,
high,variation,6553,sku,variation missing SKU (parent 6548),purpl,
high,variation,6555,sku,variation missing SKU (parent 6554),purpl,
high,variation,6556,sku,variation missing SKU (parent 6554),purpl,
high,variation,6557,sku,variation missing SKU (parent 6554),purpl,
high,variation,6558,sku,variation missing SKU (parent 6554),purpl,
high,variation,6559,sku,variation missing SKU (parent 6554),purpl,
high,variation,6560,sku,variation missing SKU (parent 6554),purpl,
high,variation,6563,sku,variation missing SKU (parent 6562),purpl,
high,variation,6564,sku,variation missing SKU (parent 6562),purpl,
high,variation,6565,sku,variation missing SKU (parent 6562),purpl,
high,variation,6566,sku,variation missing SKU (parent 6562),purpl,
high,variation,6567,sku,variation missing SKU (parent 6562),purpl,
high,variation,6568,sku,variation missing SKU (parent 6562),purpl,
high,variation,6569,sku,variation missing SKU (parent 6562),purpl,
high,variation,6570,sku,variation missing SKU (parent 6562),purpl,
high,variation,6571,sku,variation missing SKU (parent 6562),purpl,
high,variation,6572,sku,variation missing SKU (parent 6562),purpl,
high,variation,6573,sku,variation missing SKU (parent 6562),purpl,
high,variation,6574,sku,variation missing SKU (parent 6562),purpl,
high,variation,6576,sku,variation missing SKU (parent 6575),purpl,
high,variation,6578,sku,variation missing SKU (parent 6577),purpl,
high,variation,6580,sku,variation missing SKU (parent 6579),purpl,
high,variation,6581,sku,variation missing SKU (parent 6579),purpl,
high,variation,6582,sku,variation missing SKU (parent 6579),purpl,
high,variation,6583,sku,variation missing SKU (parent 6579),purpl,
high,variation,6584,sku,variation missing SKU (parent 6579),purpl,
high,variation,6585,sku,variation missing SKU (parent 6579),purpl,
high,variation,6587,sku,variation missing SKU (parent 6586),purpl,
high,variation,6588,sku,variation missing SKU (parent 6586),purpl,
high,variation,6589,sku,variation missing SKU (parent 6586),purpl,
high,variation,6590,sku,variation missing SKU (parent 6586),purpl,
high,variation,6591,sku,variation missing SKU (parent 6586),purpl,
high,variation,6592,sku,variation missing SKU (parent 6586),purpl,
high,variation,6594,sku,variation missing SKU (parent 6593),purpl,
high,variation,6595,sku,variation missing SKU (parent 6593),purpl,
high,variation,6596,sku,variation missing SKU (parent 6593),purpl,
high,variation,6597,sku,variation missing SKU (parent 6593),purpl,
high,variation,6598,sku,variation missing SKU (parent 6593),purpl,
high,variation,6599,sku,variation missing SKU (parent 6593),purpl,
high,variation,6600,sku,variation missing SKU (parent 6593),purpl,
high,variation,6602,sku,variation missing SKU (parent 6601),purpl,
high,variation,6603,sku,variation missing SKU (parent 6601),purpl,
high,variation,6604,sku,variation missing SKU (parent 6601),purpl,
high,variation,6605,sku,variation missing SKU (parent 6601),purpl,
high,variation,6606,sku,variation missing SKU (parent 6601),purpl,
high,variation,6607,sku,variation missing SKU (parent 6601),purpl,
high,variation,6608,sku,variation missing SKU (parent 6601),purpl,
high,variation,6610,sku,variation missing SKU (parent 6609),purpl,
high,variation,6611,sku,variation missing SKU (parent 6609),purpl,
high,variation,6616,sku,duplicate SKU PROT00SEM-1 used 20 times,purpl,
high,variation,6616,regular_price,variation has no regular price (parent 3154),purpl,
high,variation,6617,sku,duplicate SKU PROT00SEM-1 used 20 times,purpl,
high,variation,6617,regular_price,variation has no regular price (parent 3154),purpl,
high,variation,6618,sku,duplicate SKU PROT00SEM-1 used 20 times,purpl,
high,variation,6618,regular_price,variation has no regular price (parent 3154),purpl,
high,variation,6619,sku,duplicate SKU PROT00SEM-1 used 20 times,purpl,
high,variation,6619,regular_price,variation has no regular price (parent 3154),purpl,
high,variation,6620,sku,duplicate SKU PROT00SEM-1 used 20 times,purpl,
high,variation,6620,regular_price,variation has no regular price (parent 3154),purpl,
high,variation,6621,sku,duplicate SKU PROT00SEM-1 used 20 times,purpl,
high,variation,6621,regular_price,variation has no regular price (parent 3154),purpl,
high,variation,6622,sku,duplicate SKU PROT00SEM-1 used 20 times,purpl,
high,variation,6622,regular_price,variation has no regular price (parent 3154),purpl,
high,variation,6623,sku,duplicate SKU PROT00SEM-1 used 20 times,purpl,
high,variation,6623,regular_price,variation has no regular price (parent 3154),purpl,
high,variation,6624,sku,duplicate SKU PROT00SEM-1 used 20 times,purpl,
high,variation,6624,regular_price,variation has no regular price (parent 3154),purpl,
high,variation,6625,sku,duplicate SKU PROT00SEM-1 used 20 times,purpl,
high,variation,6625,regular_price,variation has no regular price (parent 3154),purpl,
high,variation,6626,sku,duplicate SKU PROT00SEM-1 used 20 times,purpl,
high,variation,6626,regular_price,variation has no regular price (parent 3154),purpl,
high,variation,6627,sku,duplicate SKU PROT00SEM-1 used 20 times,purpl,
high,variation,6627,regular_price,variation has no regular price (parent 3154),purpl,
high,variation,6628,sku,duplicate SKU PROT00SEM-1 used 20 times,purpl,
high,variation,6628,regular_price,variation has no regular price (parent 3154),purpl,
high,variation,6629,sku,duplicate SKU PROT00SEM-1 used 20 times,purpl,
high,variation,6629,regular_price,variation has no regular price (parent 3154),purpl,
high,variation,6630,sku,duplicate SKU PROT00SEM-1 used 20 times,purpl,
high,variation,6630,regular_price,variation has no regular price (parent 3154),purpl,
high,variation,6631,sku,duplicate SKU PROT00SEM-1 used 20 times,purpl,
high,variation,6631,regular_price,variation has no regular price (parent 3154),purpl,
high,variation,6632,sku,duplicate SKU PROT00SEM-1 used 20 times,purpl,
high,variation,6632,regular_price,variation has no regular price (parent 3154),purpl,
high,variation,6633,sku,duplicate SKU PROT00SEM-1 used 20 times,purpl,
high,variation,6633,regular_price,variation has no regular price (parent 3154),purpl,
high,variation,6634,sku,duplicate SKU PROT00SEM-1 used 20 times,purpl,
high,variation,6634,regular_price,variation has no regular price (parent 3154),purpl,
high,variation,6637,sku,variation missing SKU (parent 6636),purpl,
high,variation,6638,sku,variation missing SKU (parent 6636),purpl,
high,variation,6639,sku,variation missing SKU (parent 6636),purpl,
high,variation,6640,sku,variation missing SKU (parent 6636),purpl,
high,variation,6641,sku,variation missing SKU (parent 6636),purpl,
high,variation,6643,sku,variation missing SKU (parent 6642),purpl,
high,variation,6644,sku,variation missing SKU (parent 6642),purpl,
high,variation,6645,sku,variation missing SKU (parent 6642),purpl,
high,variation,6646,sku,variation missing SKU (parent 6642),purpl,
high,variation,6647,sku,variation missing SKU (parent 6642),purpl,
high,variation,6649,sku,variation missing SKU (parent 6648),purpl,
high,variation,6650,sku,variation missing SKU (parent 6648),purpl,
high,variation,6651,sku,variation missing SKU (parent 6648),purpl,
high,variation,6652,sku,variation missing SKU (parent 6648),purpl,
high,variation,6660,sku,variation missing SKU (parent 6653),purpl,
high,variation,6661,sku,variation missing SKU (parent 6653),purpl,
high,variation,6662,sku,variation missing SKU (parent 6653),purpl,
high,variation,6664,sku,duplicate SKU PROT03SPU used 16 times,purpl,
high,variation,6664,regular_price,variation has no regular price (parent 1647),purpl,
high,variation,6665,sku,duplicate SKU PROT03SPU used 16 times,purpl,
high,variation,6665,regular_price,variation has no regular price (parent 1647),purpl,
high,variation,6666,sku,duplicate SKU PROT03SPU used 16 times,purpl,
high,variation,6666,regular_price,variation has no regular price (parent 1647),purpl,
high,variation,6667,sku,duplicate SKU PROT03SPU used 16 times,purpl,
high,variation,6667,regular_price,variation has no regular price (parent 1647),purpl,
high,variation,6668,sku,duplicate SKU PROT03SPU used 16 times,purpl,
high,variation,6668,regular_price,variation has no regular price (parent 1647),purpl,
high,variation,6669,sku,duplicate SKU PROT03SPU used 16 times,purpl,
high,variation,6669,regular_price,variation has no regular price (parent 1647),purpl,
high,variation,6670,sku,duplicate SKU PROT03SPU used 16 times,purpl,
high,variation,6670,regular_price,variation has no regular price (parent 1647),purpl,
high,variation,6671,sku,duplicate SKU PROT03SPU used 16 times,purpl,
high,variation,6671,regular_price,variation has no regular price (parent 1647),purpl,
high,variation,6672,sku,duplicate SKU PROT03SPU used 16 times,purpl,
high,variation,6672,regular_price,variation has no regular price (parent 1647),purpl,
high,variation,6673,sku,duplicate SKU PROT03SPU used 16 times,purpl,
high,variation,6673,regular_price,variation has no regular price (parent 1647),purpl,
high,variation,6674,sku,duplicate SKU PROT03SPU used 16 times,purpl,
high,variation,6674,regular_price,variation has no regular price (parent 1647),purpl,
high,variation,6675,sku,duplicate SKU PROT03SPU used 16 times,purpl,
high,variation,6675,regular_price,variation has no regular price (parent 1647),purpl,
high,variation,6676,sku,duplicate SKU PROT03SPU used 16 times,purpl,
high,variation,6676,regular_price,variation has no regular price (parent 1647),purpl,
high,variation,6677,sku,duplicate SKU PROT03SPU used 16 times,purpl,
high,variation,6677,regular_price,variation has no regular price (parent 1647),purpl,
high,variation,6678,sku,duplicate SKU PROT03SPU used 16 times,purpl,
high,variation,6678,regular_price,variation has no regular price (parent 1647),purpl,
high,variation,6693,sku,variation missing SKU (parent 6692),purpl,
high,variation,6696,sku,variation missing SKU (parent 6695),purpl,
high,variation,6698,sku,variation missing SKU (parent 6697),purpl,
high,variation,6700,sku,variation missing SKU (parent 6699),purpl,
high,variation,6704,sku,variation missing SKU (parent 6701),purpl,
high,variation,6705,sku,variation missing SKU (parent 6701),purpl,
high,variation,6707,sku,variation missing SKU (parent 6706),purpl,
high,variation,6711,sku,variation missing SKU (parent 6710),purpl,
high,variation,6712,sku,variation missing SKU (parent 6701),purpl,
high,variation,6717,sku,variation missing SKU (parent 6716),purpl,
high,variation,6719,sku,variation missing SKU (parent 6718),purpl,
high,variation,6720,sku,variation missing SKU (parent 6718),purpl,
high,variation,6721,sku,variation missing SKU (parent 6718),purpl,
high,variation,6722,sku,variation missing SKU (parent 6718),purpl,
high,variation,6723,sku,variation missing SKU (parent 6718),purpl,
high,variation,6724,sku,variation missing SKU (parent 6718),purpl,
high,variation,6725,sku,variation missing SKU (parent 6718),purpl,
high,variation,6726,sku,variation missing SKU (parent 6718),purpl,
high,variation,6727,sku,variation missing SKU (parent 6718),purpl,
high,variation,6728,sku,variation missing SKU (parent 6718),purpl,
high,variation,6729,sku,variation missing SKU (parent 6718),purpl,
high,variation,6730,sku,variation missing SKU (parent 6718),purpl,
high,variation,6731,sku,variation missing SKU (parent 6718),purpl,
high,variation,6732,sku,variation missing SKU (parent 6718),purpl,
high,variation,6733,sku,variation missing SKU (parent 6718),purpl,
high,variation,6734,sku,variation missing SKU (parent 6718),purpl,
high,variation,6735,sku,variation missing SKU (parent 6718),purpl,
high,variation,6736,sku,variation missing SKU (parent 6718),purpl,
high,variation,6737,sku,variation missing SKU (parent 6718),purpl,
high,variation,6738,sku,variation missing SKU (parent 6718),purpl,
high,variation,6739,sku,variation missing SKU (parent 6718),purpl,
high,variation,6740,sku,variation missing SKU (parent 6718),purpl,
high,variation,6741,sku,variation missing SKU (parent 6718),purpl,
high,variation,6742,sku,variation missing SKU (parent 6718),purpl,
high,variation,6743,sku,variation missing SKU (parent 6718),purpl,
high,variation,6744,sku,variation missing SKU (parent 6718),purpl,
high,variation,6745,sku,variation missing SKU (parent 6718),purpl,
high,variation,6746,sku,variation missing SKU (parent 6718),purpl,
high,variation,6747,sku,variation missing SKU (parent 6718),purpl,
high,variation,6749,sku,variation missing SKU (parent 6748),purpl,
high,variation,6750,sku,variation missing SKU (parent 6748),purpl,
high,variation,6751,sku,variation missing SKU (parent 6748),purpl,
high,variation,6752,sku,variation missing SKU (parent 6748),purpl,
high,variation,6753,sku,variation missing SKU (parent 6748),purpl,
high,variation,6754,sku,variation missing SKU (parent 6748),purpl,
high,variation,6755,sku,variation missing SKU (parent 6748),purpl,
high,variation,6756,sku,variation missing SKU (parent 6748),purpl,
high,variation,6757,sku,variation missing SKU (parent 6748),purpl,
high,variation,6759,sku,variation missing SKU (parent 6758),purpl,
high,variation,6760,sku,variation missing SKU (parent 6758),purpl,
high,variation,6761,sku,variation missing SKU (parent 6758),purpl,
high,variation,6762,sku,variation missing SKU (parent 6758),purpl,
high,variation,6765,sku,variation missing SKU (parent 6763),purpl,
high,variation,6766,sku,variation missing SKU (parent 6763),purpl,
high,variation,6769,sku,variation missing SKU (parent 6768),purpl,
high,variation,6770,sku,variation missing SKU (parent 6768),purpl,
high,variation,6771,sku,variation missing SKU (parent 6768),purpl,
high,variation,6772,sku,variation missing SKU (parent 6768),purpl,
high,variation,6774,sku,variation missing SKU (parent 6773),purpl,
high,variation,6774,regular_price,variation has no regular price (parent 6773),purpl,
high,variation,6775,sku,variation missing SKU (parent 6773),purpl,
high,variation,6775,regular_price,variation has no regular price (parent 6773),purpl,
high,variation,6776,sku,variation missing SKU (parent 6773),purpl,
high,variation,6776,regular_price,variation has no regular price (parent 6773),purpl,
high,variation,6778,sku,variation missing SKU (parent 6777),purpl,
high,variation,6778,regular_price,variation has no regular price (parent 6777),purpl,
high,variation,6780,sku,variation missing SKU (parent 6779),purpl,
high,variation,6782,sku,variation missing SKU (parent 6781),purpl,
high,variation,6784,sku,variation missing SKU (parent 6783),purpl,
high,variation,6786,sku,variation missing SKU (parent 6785),purpl,
high,variation,6788,sku,variation missing SKU (parent 6787),purpl,
high,variation,6790,sku,variation missing SKU (parent 6789),purpl,
high,variation,6793,sku,duplicate SKU PV-BRIONE-FZT-NAVY used 8 times,purpl,
high,variation,6793,regular_price,variation has no regular price (parent 6234),purpl,
high,variation,6794,sku,duplicate SKU PV-BRIONE-FZT-NAVY used 8 times,purpl,
high,variation,6794,regular_price,variation has no regular price (parent 6234),purpl,
high,variation,6795,sku,duplicate SKU PV-BRIONE-FZT-NAVY used 8 times,purpl,
high,variation,6795,regular_price,variation has no regular price (parent 6234),purpl,
high,variation,6796,sku,duplicate SKU PV-BRIONE-FZT-NAVY used 8 times,purpl,
high,variation,6796,regular_price,variation has no regular price (parent 6234),purpl,
high,variation,6797,sku,duplicate SKU PV-BRIONE-FZT-NAVY used 8 times,purpl,
high,variation,6797,regular_price,variation has no regular price (parent 6234),purpl,
high,variation,6798,sku,duplicate SKU PV-BRIONE-FZT-NAVY used 8 times,purpl,
high,variation,6798,regular_price,variation has no regular price (parent 6234),purpl,
high,variation,6799,sku,duplicate SKU PV-BRIONE-FZT-NAVY used 8 times,purpl,
high,variation,6799,regular_price,variation has no regular price (parent 6234),purpl,
high,variation,6802,sku,variation missing SKU (parent 6801),purpl,
high,variation,6803,sku,variation missing SKU (parent 6801),purpl,
high,variation,6804,sku,variation missing SKU (parent 6801),purpl,
high,variation,6805,sku,variation missing SKU (parent 6801),purpl,
high,variation,6806,sku,variation missing SKU (parent 6801),purpl,
high,variation,6807,sku,variation missing SKU (parent 6801),purpl,
high,variation,6808,sku,variation missing SKU (parent 6801),purpl,
high,variation,6810,sku,variation missing SKU (parent 6809),purpl,
high,variation,6811,sku,variation missing SKU (parent 6809),purpl,
high,variation,6812,sku,variation missing SKU (parent 6809),purpl,
high,variation,6813,sku,variation missing SKU (parent 6809),purpl,
high,variation,6814,sku,variation missing SKU (parent 6809),purpl,
high,variation,6815,sku,variation missing SKU (parent 6809),purpl,
high,variation,6852,sku,variation missing SKU (parent 6851),purpl,
high,variation,6853,sku,variation missing SKU (parent 6851),purpl,
high,variation,6854,sku,variation missing SKU (parent 6851),purpl,
high,variation,6856,sku,variation missing SKU (parent 6855),purpl,
high,variation,6857,sku,variation missing SKU (parent 6855),purpl,
high,variation,6858,sku,variation missing SKU (parent 6855),purpl,
medium,page,1687,slug,looks like a duplicate page ('1687-2'),client,confirm canonical
medium,page,221,slug,looks like a duplicate page ('blog-2'),client,confirm canonical
medium,page,4625,slug,looks like a duplicate page ('wishlist-2'),client,confirm canonical
medium,page,47,slug,looks like a duplicate page ('cart-2'),client,confirm canonical
medium,page,48,slug,looks like a duplicate page ('checkout-2'),client,confirm canonical
medium,page,49,slug,looks like a duplicate page ('my-account-2'),client,confirm canonical
medium,product,1578,description,empty description,purpl,
medium,product,1581,description,empty description,purpl,
medium,product,1582,description,empty description,purpl,
medium,product,1584,description,empty description,purpl,
medium,product,1586,description,empty description,purpl,
medium,product,1588,description,empty description,purpl,
medium,product,1589,description,empty description,purpl,
medium,product,1591,description,empty description,purpl,
medium,product,1592,description,empty description,purpl,
medium,product,1594,description,empty description,purpl,
medium,product,1601,description,empty description,purpl,
medium,product,1602,description,empty description,purpl,
medium,product,1603,description,empty description,purpl,
medium,product,1605,description,empty description,purpl,
medium,product,1606,description,empty description,purpl,
medium,product,1607,description,empty description,purpl,
medium,product,1609,description,empty description,purpl,
medium,product,1611,description,empty description,purpl,
medium,product,1614,description,empty description,purpl,
medium,product,1615,description,empty description,purpl,
medium,product,1617,description,empty description,purpl,
medium,product,1623,description,empty description,purpl,
medium,product,1625,description,empty description,purpl,
medium,product,1626,description,empty description,purpl,
medium,product,1627,description,empty description,purpl,
medium,product,1628,description,empty description,purpl,
medium,product,1630,description,empty description,purpl,
medium,product,1631,description,empty description,purpl,
medium,product,1633,description,empty description,purpl,
medium,product,1634,description,empty description,purpl,
medium,product,1635,description,empty description,purpl,
medium,product,1636,description,empty description,purpl,
medium,product,1641,description,empty description,purpl,
medium,product,1643,description,empty description,purpl,
medium,product,1645,description,empty description,purpl,
medium,product,1647,description,empty description,purpl,
medium,product,1648,description,empty description,purpl,
medium,product,1649,description,empty description,purpl,
medium,product,1650,description,empty description,purpl,
medium,product,1652,description,empty description,purpl,
medium,product,1654,description,empty description,purpl,
medium,product,1655,description,empty description,purpl,
medium,product,3154,description,empty description,purpl,
medium,product,3173,description,empty description,purpl,
medium,product,3667,description,empty description,purpl,
medium,product,3956,description,empty description,purpl,
medium,product,4031,description,empty description,purpl,
medium,product,4385,description,empty description,purpl,
medium,product,4456,description,empty description,purpl,
medium,product,4505,description,empty description,purpl,
medium,product,4849,description,empty description,purpl,
medium,product,4910,description,empty description,purpl,
medium,product,4927,description,empty description,purpl,
medium,product,4934,description,empty description,purpl,
medium,product,5037,description,empty description,purpl,
medium,product,5434,description,empty description,purpl,
medium,product,5640,description,empty description,purpl,
medium,product,5666,description,empty description,purpl,
medium,product,6242,description,empty description,purpl,
medium,product,6253,description,empty description,purpl,
medium,product,6479,description,empty description,purpl,
medium,product,6496,description,empty description,purpl,
medium,product,6512,description,empty description,purpl,
medium,product,6527,description,empty description,purpl,
medium,product,6542,description,empty description,purpl,
medium,product,6548,description,empty description,purpl,
medium,product,6554,description,empty description,purpl,
medium,product,6562,description,empty description,purpl,
medium,product,6575,description,empty description,purpl,
medium,product,6577,description,empty description,purpl,
medium,product,6579,description,empty description,purpl,
medium,product,6586,description,empty description,purpl,
medium,product,6593,description,empty description,purpl,
medium,product,6601,description,empty description,purpl,
medium,product,6609,description,empty description,purpl,
medium,product,6636,description,empty description,purpl,
medium,product,6642,description,empty description,purpl,
medium,product,6648,description,empty description,purpl,
medium,product,6653,description,empty description,purpl,
medium,product,6692,description,empty description,purpl,
medium,product,6695,description,empty description,purpl,
medium,product,6697,description,empty description,purpl,
medium,product,6699,description,empty description,purpl,
medium,product,6701,description,empty description,purpl,
medium,product,6706,description,empty description,purpl,
medium,product,6710,description,empty description,purpl,
medium,product,6716,description,empty description,purpl,
medium,product,6758,description,empty description,purpl,
medium,product,6768,description,empty description,purpl,
medium,product,6773,description,empty description,purpl,
medium,product,6777,description,empty description,purpl,
medium,product,6779,description,empty description,purpl,
medium,product,6781,description,empty description,purpl,
medium,product,6783,description,empty description,purpl,
medium,product,6787,description,empty description,purpl,
medium,product,6789,description,empty description,purpl,
medium,product,6801,description,empty description,purpl,
medium,product,6809,description,empty description,purpl,
medium,variation,5999,stock_quantity,negative stock -1,purpl,
medium,variation,6141,stock_quantity,negative stock -1,purpl,
medium,variation,6485,stock_quantity,negative stock -1,purpl,
medium,variation,6488,stock_quantity,negative stock -1,purpl,
low,product,1578,image:2776,missing alt text,purpl,
low,product,1578,image:2690,missing alt text,purpl,
low,product,1578,image:2692,missing alt text,purpl,
low,product,1578,image:2693,missing alt text,purpl,
low,product,1578,image:2691,missing alt text,purpl,
low,product,1578,image:2694,missing alt text,purpl,
low,product,1581,image:2366,missing alt text,purpl,
low,product,1581,image:2365,missing alt text,purpl,
low,product,1581,image:2367,missing alt text,purpl,
low,product,1581,image:2368,missing alt text,purpl,
low,product,1582,image:2357,missing alt text,purpl,
low,product,1582,image:2356,missing alt text,purpl,
low,product,1582,image:2359,missing alt text,purpl,
low,product,1582,image:2358,missing alt text,purpl,
low,product,1582,image:2361,missing alt text,purpl,
low,product,1582,image:2360,missing alt text,purpl,
low,product,1584,image:3134,missing alt text,purpl,
low,product,1584,image:3135,missing alt text,purpl,
low,product,1584,image:3137,missing alt text,purpl,
low,product,1586,image:3340,missing alt text,purpl,
low,product,1586,image:3505,missing alt text,purpl,
low,product,1586,image:3506,missing alt text,purpl,
low,product,1586,image:3507,missing alt text,purpl,
low,product,1586,image:3508,missing alt text,purpl,
low,product,1586,image:3509,missing alt text,purpl,
low,product,1586,image:3510,missing alt text,purpl,
low,product,1588,image:3314,missing alt text,purpl,
low,product,1588,image:3498,missing alt text,purpl,
low,product,1588,image:3500,missing alt text,purpl,
low,product,1588,image:3501,missing alt text,purpl,
low,product,1588,image:3502,missing alt text,purpl,
low,product,1588,image:3503,missing alt text,purpl,
low,product,1589,image:2821,missing alt text,purpl,
low,product,1589,image:2818,missing alt text,purpl,
low,product,1589,image:2819,missing alt text,purpl,
low,product,1589,image:2820,missing alt text,purpl,
low,product,1589,image:2821,missing alt text,purpl,
low,product,1591,image:3315,missing alt text,purpl,
low,product,1591,image:3516,missing alt text,purpl,
low,product,1591,image:3517,missing alt text,purpl,
low,product,1591,image:3518,missing alt text,purpl,
low,product,1591,image:3519,missing alt text,purpl,
low,product,1591,image:3520,missing alt text,purpl,
low,product,1591,image:3521,missing alt text,purpl,
low,product,1591,image:3522,missing alt text,purpl,
low,product,1591,image:3523,missing alt text,purpl,
low,product,1591,image:3524,missing alt text,purpl,
low,product,1591,image:3525,missing alt text,purpl,
low,product,1592,image:3338,missing alt text,purpl,
low,product,1592,image:3512,missing alt text,purpl,
low,product,1592,image:3513,missing alt text,purpl,
low,product,1592,image:3514,missing alt text,purpl,
low,product,1592,image:3515,missing alt text,purpl,
low,product,1594,image:3150,missing alt text,purpl,
low,product,1594,image:3149,missing alt text,purpl,
low,product,1594,image:3150,missing alt text,purpl,
low,product,1594,image:3151,missing alt text,purpl,
low,product,1594,image:3152,missing alt text,purpl,
low,product,1601,image:2283,missing alt text,purpl,
low,product,1601,image:2284,missing alt text,purpl,
low,product,1602,image:2279,missing alt text,purpl,
low,product,1602,image:2280,missing alt text,purpl,
low,product,1603,image:2276,missing alt text,purpl,
low,product,1605,image:2268,missing alt text,purpl,
low,product,1605,image:2267,missing alt text,purpl,
low,product,1605,image:2270,missing alt text,purpl,
low,product,1605,image:2269,missing alt text,purpl,
low,product,1605,image:2271,missing alt text,purpl,
low,product,1605,image:2272,missing alt text,purpl,
low,product,1605,image:2273,missing alt text,purpl,
low,product,1605,image:2274,missing alt text,purpl,
low,product,1606,image:2258,missing alt text,purpl,
low,product,1606,image:2257,missing alt text,purpl,
low,product,1606,image:2260,missing alt text,purpl,
low,product,1606,image:2259,missing alt text,purpl,
low,product,1607,image:2922,missing alt text,purpl,
low,product,1609,image:3328,missing alt text,purpl,
low,product,1609,image:2233,missing alt text,purpl,
low,product,1609,image:2236,missing alt text,purpl,
low,product,1609,image:2235,missing alt text,purpl,
low,product,1611,image:2814,missing alt text,purpl,
low,product,1611,image:2814,missing alt text,purpl,
low,product,1611,image:2815,missing alt text,purpl,
low,product,1611,image:2813,missing alt text,purpl,
low,product,1613,image:3337,missing alt text,purpl,
low,product,1615,weight,no weight (shipping rates by weight will not work),purpl,
low,product,1615,image:3336,missing alt text,purpl,
low,product,1615,image:3526,missing alt text,purpl,
low,product,1615,image:3527,missing alt text,purpl,
low,product,1615,image:3528,missing alt text,purpl,
low,product,1615,image:3529,missing alt text,purpl,
low,product,1617,image:3335,missing alt text,purpl,
low,product,1617,image:3490,missing alt text,purpl,
low,product,1617,image:3491,missing alt text,purpl,
low,product,1617,image:3492,missing alt text,purpl,
low,product,1617,image:3493,missing alt text,purpl,
low,product,1617,image:3494,missing alt text,purpl,
low,product,1617,image:3495,missing alt text,purpl,
low,product,1623,image:3325,missing alt text,purpl,
low,product,1623,image:3465,missing alt text,purpl,
low,product,1623,image:3466,missing alt text,purpl,
low,product,1623,image:3467,missing alt text,purpl,
low,product,1625,image:4302,missing alt text,purpl,
low,product,1625,image:3469,missing alt text,purpl,
low,product,1625,image:3470,missing alt text,purpl,
low,product,1625,image:3471,missing alt text,purpl,
low,product,1625,image:3472,missing alt text,purpl,
low,product,1625,image:3473,missing alt text,purpl,
low,product,1625,image:3474,missing alt text,purpl,
low,product,1625,image:3475,missing alt text,purpl,
low,product,1625,image:3476,missing alt text,purpl,
low,product,1625,image:3477,missing alt text,purpl,
low,product,1625,image:3478,missing alt text,purpl,
low,product,1625,image:3479,missing alt text,purpl,
low,product,1626,image:3318,missing alt text,purpl,
low,product,1626,image:3480,missing alt text,purpl,
low,product,1626,image:3481,missing alt text,purpl,
low,product,1626,image:3482,missing alt text,purpl,
low,product,1626,image:3483,missing alt text,purpl,
low,product,1626,image:3484,missing alt text,purpl,
low,product,1626,image:3485,missing alt text,purpl,
low,product,1626,image:3486,missing alt text,purpl,
low,product,1626,image:3487,missing alt text,purpl,
low,product,1626,image:3488,missing alt text,purpl,
low,product,1627,image:3324,missing alt text,purpl,
low,product,1627,image:3459,missing alt text,purpl,
low,product,1627,image:3460,missing alt text,purpl,
low,product,1627,image:3461,missing alt text,purpl,
low,product,1627,image:3462,missing alt text,purpl,
low,product,1627,image:3463,missing alt text,purpl,
low,product,1627,image:3464,missing alt text,purpl,
low,product,1628,image:3455,missing alt text,purpl,
low,product,1628,image:3454,missing alt text,purpl,
low,product,1628,image:3455,missing alt text,purpl,
low,product,1628,image:3456,missing alt text,purpl,
low,product,1628,image:3457,missing alt text,purpl,
low,product,1630,image:3331,missing alt text,purpl,
low,product,1630,image:3448,missing alt text,purpl,
low,product,1630,image:3449,missing alt text,purpl,
low,product,1630,image:3450,missing alt text,purpl,
low,product,1630,image:3451,missing alt text,purpl,
low,product,1630,image:3452,missing alt text,purpl,
low,product,1630,image:3453,missing alt text,purpl,
low,product,1631,image:3333,missing alt text,purpl,
low,product,1631,image:3440,missing alt text,purpl,
low,product,1631,image:3441,missing alt text,purpl,
low,product,1631,image:3442,missing alt text,purpl,
low,product,1631,image:3443,missing alt text,purpl,
low,product,1631,image:3444,missing alt text,purpl,
low,product,1631,image:3445,missing alt text,purpl,
low,product,1631,image:3446,missing alt text,purpl,
low,product,1631,image:3447,missing alt text,purpl,
low,product,1633,image:2100,missing alt text,purpl,
low,product,1633,image:2103,missing alt text,purpl,
low,product,1633,image:2101,missing alt text,purpl,
low,product,1633,image:2104,missing alt text,purpl,
low,product,1633,image:2102,missing alt text,purpl,
low,product,1633,image:2105,missing alt text,purpl,
low,product,1634,image:2095,missing alt text,purpl,
low,product,1634,image:2096,missing alt text,purpl,
low,product,1635,weight,no weight (shipping rates by weight will not work),purpl,
low,product,1635,image:2091,missing alt text,purpl,
low,product,1636,weight,no weight (shipping rates by weight will not work),purpl,
low,product,1636,image:2090,missing alt text,purpl,
low,product,1637,image:3322,missing alt text,purpl,
low,product,1637,image:3434,missing alt text,purpl,
low,product,1637,image:3435,missing alt text,purpl,
low,product,1637,image:3436,missing alt text,purpl,
low,product,1637,image:3437,missing alt text,purpl,
low,product,1637,image:3438,missing alt text,purpl,
low,product,1637,image:3439,missing alt text,purpl,
low,product,1641,image:2821,missing alt text,purpl,
low,product,1641,image:2821,missing alt text,purpl,
low,product,1641,image:2820,missing alt text,purpl,
low,product,1641,image:2819,missing alt text,purpl,
low,product,1641,image:2818,missing alt text,purpl,
low,product,1643,image:3330,missing alt text,purpl,
low,product,1643,image:3425,missing alt text,purpl,
low,product,1643,image:3426,missing alt text,purpl,
low,product,1643,image:3427,missing alt text,purpl,
low,product,1643,image:3428,missing alt text,purpl,
low,product,1643,image:3429,missing alt text,purpl,
low,product,1643,image:3430,missing alt text,purpl,
low,product,1643,image:3431,missing alt text,purpl,
low,product,1643,image:3432,missing alt text,purpl,
low,product,1645,image:3311,missing alt text,purpl,
low,product,1645,image:3422,missing alt text,purpl,
low,product,1647,image:3309,missing alt text,purpl,
low,product,1647,image:3421,missing alt text,purpl,
low,product,1648,image:2039,missing alt text,purpl,
low,product,1648,image:2044,missing alt text,purpl,
low,product,1648,image:2040,missing alt text,purpl,
low,product,1648,image:2045,missing alt text,purpl,
low,product,1648,image:2041,missing alt text,purpl,
low,product,1648,image:2047,missing alt text,purpl,
low,product,1648,image:2042,missing alt text,purpl,
low,product,1648,image:2046,missing alt text,purpl,
low,product,1648,image:2043,missing alt text,purpl,
low,product,1648,image:2048,missing alt text,purpl,
low,product,1649,image:2024,missing alt text,purpl,
low,product,1649,image:2025,missing alt text,purpl,
low,product,1649,image:2022,missing alt text,purpl,
low,product,1649,image:2026,missing alt text,purpl,
low,product,1649,image:2023,missing alt text,purpl,
low,product,1649,image:2029,missing alt text,purpl,
low,product,1649,image:2020,missing alt text,purpl,
low,product,1649,image:2028,missing alt text,purpl,
low,product,1649,image:2021,missing alt text,purpl,
low,product,1649,image:2027,missing alt text,purpl,
low,product,1649,image:2019,missing alt text,purpl,
low,product,1649,image:2030,missing alt text,purpl,
low,product,1650,image:2008,missing alt text,purpl,
low,product,1650,image:2010,missing alt text,purpl,
low,product,1650,image:2009,missing alt text,purpl,
low,product,1650,image:2011,missing alt text,purpl,
low,product,1652,image:2000,missing alt text,purpl,
low,product,1652,image:2001,missing alt text,purpl,
low,product,1652,image:2002,missing alt text,purpl,
low,product,1652,image:2003,missing alt text,purpl,
low,product,1654,image:1997,missing alt text,purpl,
low,product,1654,image:1995,missing alt text,purpl,
low,product,1654,image:1994,missing alt text,purpl,
low,product,1654,image:1996,missing alt text,purpl,
low,product,1655,image:1966,missing alt text,purpl,
low,product,1655,image:1966,missing alt text,purpl,
low,product,1655,image:1972,missing alt text,purpl,
low,product,1655,image:1969,missing alt text,purpl,
low,product,1655,image:1973,missing alt text,purpl,
low,product,1655,image:1971,missing alt text,purpl,
low,product,1655,image:1974,missing alt text,purpl,
low,product,1656,image:2844,missing alt text,purpl,
low,product,1656,image:3407,missing alt text,purpl,
low,product,1656,image:3408,missing alt text,purpl,
low,product,1656,image:3409,missing alt text,purpl,
low,product,1656,image:3410,missing alt text,purpl,
low,product,1656,image:3411,missing alt text,purpl,
low,product,1656,image:3412,missing alt text,purpl,
low,product,1656,image:3413,missing alt text,purpl,
low,product,1656,image:3414,missing alt text,purpl,
low,product,1656,image:3415,missing alt text,purpl,
low,product,1656,image:3416,missing alt text,purpl,
low,product,1656,image:3417,missing alt text,purpl,
low,product,1656,image:3418,missing alt text,purpl,
low,product,1656,image:3419,missing alt text,purpl,
low,product,1656,image:3420,missing alt text,purpl,
low,product,3154,image:3307,missing alt text,purpl,
low,product,3154,image:3405,missing alt text,purpl,
low,product,3154,image:3157,missing alt text,purpl,
low,product,3154,image:3156,missing alt text,purpl,
low,product,3173,image:3302,missing alt text,purpl,
low,product,3173,image:3403,missing alt text,purpl,
low,product,3571,image:3596,missing alt text,purpl,
low,product,3586,image:3584,missing alt text,purpl,
low,product,3586,image:3567,missing alt text,purpl,
low,product,3586,image:3596,missing alt text,purpl,
low,product,3593,image:3567,missing alt text,purpl,
low,product,3605,image:3606,missing alt text,purpl,
low,product,3605,image:3606,missing alt text,purpl,
low,product,3615,image:3624,missing alt text,purpl,
low,product,3615,image:3624,missing alt text,purpl,
low,product,3625,image:3635,missing alt text,purpl,
low,product,3625,image:3635,missing alt text,purpl,
low,product,3637,image:3634,missing alt text,purpl,
low,product,3637,image:3634,missing alt text,purpl,
low,product,3646,image:3655,missing alt text,purpl,
low,product,3646,image:3655,missing alt text,purpl,
low,product,3667,image:3945,missing alt text,purpl,
low,product,3667,image:3946,missing alt text,purpl,
low,product,3717,image:4308,missing alt text,purpl,
low,product,3747,image:3748,missing alt text,purpl,
low,product,3747,image:3748,missing alt text,purpl,
low,product,3760,image:3750,missing alt text,purpl,
low,product,3760,image:3750,missing alt text,purpl,
low,product,3768,image:3751,missing alt text,purpl,
low,product,3768,image:3751,missing alt text,purpl,
low,product,3777,image:3735,missing alt text,purpl,
low,product,3777,image:3735,missing alt text,purpl,
low,product,3787,image:3796,missing alt text,purpl,
low,product,3787,image:3797,missing alt text,purpl,
low,product,3798,image:3807,missing alt text,purpl,
low,product,3798,image:3807,missing alt text,purpl,
low,product,3809,image:3818,missing alt text,purpl,
low,product,3809,image:3818,missing alt text,purpl,
low,product,3819,image:3829,missing alt text,purpl,
low,product,3819,image:3828,missing alt text,purpl,
low,product,3819,image:3829,missing alt text,purpl,
low,product,3835,image:4304,missing alt text,purpl,
low,product,3835,image:3841,missing alt text,purpl,
low,product,3842,image:4307,missing alt text,purpl,
low,product,3842,image:3848,missing alt text,purpl,
low,product,3849,image:4306,missing alt text,purpl,
low,product,3849,image:3856,missing alt text,purpl,
low,product,3858,image:4305,missing alt text,purpl,
low,product,3858,image:3861,missing alt text,purpl,
low,product,3867,image:4310,missing alt text,purpl,
low,product,3867,image:3872,missing alt text,purpl,
low,product,3867,image:3871,missing alt text,purpl,
low,product,3874,image:3878,missing alt text,purpl,
low,product,3881,image:3885,missing alt text,purpl,
low,product,3881,image:3885,missing alt text,purpl,
low,product,3891,image:3896,missing alt text,purpl,
low,product,3891,image:3896,missing alt text,purpl,
low,product,3897,image:3901,missing alt text,purpl,
low,product,3897,image:3901,missing alt text,purpl,
low,product,3906,image:3904,missing alt text,purpl,
low,product,3906,image:3904,missing alt text,purpl,
low,product,3910,image:3917,missing alt text,purpl,
low,product,3910,image:3914,missing alt text,purpl,
low,product,3920,image:3919,missing alt text,purpl,
low,product,3920,image:3919,missing alt text,purpl,
low,product,3924,image:4228,missing alt text,purpl,
low,product,3924,image:3927,missing alt text,purpl,
low,product,3924,image:3929,missing alt text,purpl,
low,product,3930,image:4230,missing alt text,purpl,
low,product,3930,image:3933,missing alt text,purpl,
low,product,3930,image:3934,missing alt text,purpl,
low,product,3938,image:4229,missing alt text,purpl,
low,product,3938,image:3935,missing alt text,purpl,
low,product,3938,image:3936,missing alt text,purpl,
low,product,3956,image:3963,missing alt text,purpl,
low,product,3956,image:3963,missing alt text,purpl,
low,product,3956,image:3964,missing alt text,purpl,
low,product,3965,image:4311,missing alt text,purpl,
low,product,3965,image:3971,missing alt text,purpl,
low,product,3965,image:3972,missing alt text,purpl,
low,product,3973,image:4311,missing alt text,purpl,
low,product,3973,image:3972,missing alt text,purpl,
low,product,3984,image:3985,missing alt text,purpl,
low,product,3984,image:3985,missing alt text,purpl,
low,product,3990,image:3995,missing alt text,purpl,
low,product,3990,image:3995,missing alt text,purpl,
low,product,3998,image:4002,missing alt text,purpl,
low,product,3998,image:4002,missing alt text,purpl,
low,product,4005,image:4309,missing alt text,purpl,
low,product,4005,image:4010,missing alt text,purpl,
low,product,4012,image:4016,missing alt text,purpl,
low,product,4012,image:4016,missing alt text,purpl,
low,product,4019,image:4018,missing alt text,purpl,
low,product,4019,image:4018,missing alt text,purpl,
low,product,4021,image:4017,missing alt text,purpl,
low,product,4021,image:4017,missing alt text,purpl,
low,product,4023,weight,no weight (shipping rates by weight will not work),purpl,
low,product,4023,image:4024,missing alt text,purpl,
low,product,4023,image:4025,missing alt text,purpl,
low,product,4023,image:4026,missing alt text,purpl,
low,product,4023,image:4027,missing alt text,purpl,
low,product,4031,image:2600,missing alt text,purpl,
low,product,4031,image:3405,missing alt text,purpl,
low,product,4107,weight,no weight (shipping rates by weight will not work),purpl,
low,product,4107,image:4111,missing alt text,purpl,
low,product,4107,image:4109,missing alt text,purpl,
low,product,4849,image:4878,missing alt text,purpl,
low,product,4849,image:4877,missing alt text,purpl,
low,product,4934,image:4966,missing alt text,purpl,
low,product,4934,image:4966,missing alt text,purpl,
low,product,4934,image:4967,missing alt text,purpl,
low,product,4934,image:4969,missing alt text,purpl,
low,product,4934,image:4968,missing alt text,purpl,
low,product,4972,image:4956,missing alt text,purpl,
low,product,4972,image:4970,missing alt text,purpl,
low,product,4972,image:4958,missing alt text,purpl,
low,product,4972,image:4963,missing alt text,purpl,
low,product,5434,image:5578,missing alt text,purpl,
low,product,5434,image:5578,missing alt text,purpl,
low,product,5434,image:5577,missing alt text,purpl,
low,variation,1930,weight,no weight,purpl,
low,variation,1933,weight,no weight,purpl,
low,variation,1941,weight,no weight,purpl,
low,variation,1945,weight,no weight,purpl,
low,variation,1961,weight,no weight,purpl,
low,variation,1965,weight,no weight,purpl,
low,variation,1967,weight,no weight,purpl,
low,variation,1970,weight,no weight,purpl,
low,variation,1986,weight,no weight,purpl,
low,variation,1988,weight,no weight,purpl,
low,variation,1998,weight,no weight,purpl,
low,variation,1999,weight,no weight,purpl,
low,variation,2006,weight,no weight,purpl,
low,variation,2007,weight,no weight,purpl,
low,variation,2013,weight,no weight,purpl,
low,variation,2014,weight,no weight,purpl,
low,variation,2015,weight,no weight,purpl,
low,variation,2016,weight,no weight,purpl,
low,variation,2017,weight,no weight,purpl,
low,variation,2018,weight,no weight,purpl,
low,variation,2031,weight,no weight,purpl,
low,variation,2032,weight,no weight,purpl,
low,variation,2033,weight,no weight,purpl,
low,variation,2034,weight,no weight,purpl,
low,variation,2035,weight,no weight,purpl,
low,variation,2036,weight,no weight,purpl,
low,variation,2037,weight,no weight,purpl,
low,variation,2038,weight,no weight,purpl,
low,variation,2052,weight,no weight,purpl,
low,variation,2053,weight,no weight,purpl,
low,variation,2057,weight,no weight,purpl,
low,variation,2058,weight,no weight,purpl,
low,variation,2059,weight,no weight,purpl,
low,variation,2066,weight,no weight,purpl,
low,variation,2067,weight,no weight,purpl,
low,variation,2074,weight,no weight,purpl,
low,variation,2075,weight,no weight,purpl,
low,variation,2083,weight,no weight,purpl,
low,variation,2093,weight,no weight,purpl,
low,variation,2094,weight,no weight,purpl,
low,variation,2097,weight,no weight,purpl,
low,variation,2098,weight,no weight,purpl,
low,variation,2099,weight,no weight,purpl,
low,variation,2106,weight,no weight,purpl,
low,variation,2107,weight,no weight,purpl,
low,variation,2108,weight,no weight,purpl,
low,variation,2109,weight,no weight,purpl,
low,variation,2118,weight,no weight,purpl,
low,variation,2119,weight,no weight,purpl,
low,variation,2124,weight,no weight,purpl,
low,variation,2125,weight,no weight,purpl,
low,variation,2130,weight,no weight,purpl,
low,variation,2131,weight,no weight,purpl,
low,variation,2141,weight,no weight,purpl,
low,variation,2142,weight,no weight,purpl,
low,variation,2143,weight,no weight,purpl,
low,variation,2144,weight,no weight,purpl,
low,variation,2145,weight,no weight,purpl,
low,variation,2158,weight,no weight,purpl,
low,variation,2159,weight,no weight,purpl,
low,variation,2160,weight,no weight,purpl,
low,variation,2161,weight,no weight,purpl,
low,variation,2162,weight,no weight,purpl,
low,variation,2173,weight,no weight,purpl,
low,variation,2174,weight,no weight,purpl,
low,variation,2175,weight,no weight,purpl,
low,variation,2181,weight,no weight,purpl,
low,variation,2188,weight,no weight,purpl,
low,variation,2207,weight,no weight,purpl,
low,variation,2208,weight,no weight,purpl,
low,variation,2224,weight,no weight,purpl,
low,variation,2225,weight,no weight,purpl,
low,variation,2238,weight,no weight,purpl,
low,variation,2239,weight,no weight,purpl,
low,variation,2240,weight,no weight,purpl,
low,variation,2255,weight,no weight,purpl,
low,variation,2256,weight,no weight,purpl,
low,variation,2265,weight,no weight,purpl,
low,variation,2266,weight,no weight,purpl,
low,variation,2278,weight,no weight,purpl,
low,variation,2282,weight,no weight,purpl,
low,variation,2287,weight,no weight,purpl,
low,variation,2288,weight,no weight,purpl,
low,variation,2297,weight,no weight,purpl,
low,variation,2298,weight,no weight,purpl,
low,variation,2303,weight,no weight,purpl,
low,variation,2304,weight,no weight,purpl,
low,variation,2315,weight,no weight,purpl,
low,variation,2316,weight,no weight,purpl,
low,variation,2321,weight,no weight,purpl,
low,variation,2322,weight,no weight,purpl,
low,variation,2329,weight,no weight,purpl,
low,variation,2330,weight,no weight,purpl,
low,variation,2340,weight,no weight,purpl,
low,variation,2342,weight,no weight,purpl,
low,variation,2343,weight,no weight,purpl,
low,variation,2353,weight,no weight,purpl,
low,variation,2354,weight,no weight,purpl,
low,variation,2355,weight,no weight,purpl,
low,variation,2363,weight,no weight,purpl,
low,variation,2364,weight,no weight,purpl,
low,variation,2370,weight,no weight,purpl,
low,variation,2372,weight,no weight,purpl,
low,variation,2658,weight,no weight,purpl,
low,variation,2660,weight,no weight,purpl,
low,variation,2661,weight,no weight,purpl,
low,variation,2662,weight,no weight,purpl,
low,variation,2663,weight,no weight,purpl,
low,variation,2664,weight,no weight,purpl,
low,variation,2665,weight,no weight,purpl,
low,variation,2666,weight,no weight,purpl,
low,variation,2667,weight,no weight,purpl,
low,variation,2668,weight,no weight,purpl,
low,variation,2669,weight,no weight,purpl,
low,variation,2671,weight,no weight,purpl,
low,variation,2672,weight,no weight,purpl,
low,variation,2673,weight,no weight,purpl,
low,variation,2674,weight,no weight,purpl,
low,variation,2675,weight,no weight,purpl,
low,variation,2676,weight,no weight,purpl,
low,variation,2677,weight,no weight,purpl,
low,variation,2678,weight,no weight,purpl,
low,variation,2679,weight,no weight,purpl,
low,variation,2681,weight,no weight,purpl,
low,variation,2683,weight,no weight,purpl,
low,variation,2684,weight,no weight,purpl,
low,variation,2685,weight,no weight,purpl,
low,variation,2686,weight,no weight,purpl,
low,variation,2687,weight,no weight,purpl,
low,variation,2689,weight,no weight,purpl,
low,variation,2785,weight,no weight,purpl,
low,variation,3167,weight,no weight,purpl,
low,variation,3176,weight,no weight,purpl,
low,variation,3177,weight,no weight,purpl,
low,variation,3178,weight,no weight,purpl,
low,variation,3542,weight,no weight,purpl,
low,variation,3543,weight,no weight,purpl,
low,variation,3544,weight,no weight,purpl,
low,variation,3545,weight,no weight,purpl,
low,variation,3546,weight,no weight,purpl,
low,variation,3547,weight,no weight,purpl,
low,variation,3548,weight,no weight,purpl,
low,variation,3559,weight,no weight,purpl,
low,variation,3560,weight,no weight,purpl,
low,variation,3908,weight,no weight,purpl,
low,variation,4032,weight,no weight,purpl,
low,variation,4355,weight,no weight,purpl,
low,variation,4356,weight,no weight,purpl,
low,variation,4357,weight,no weight,purpl,
low,variation,4358,weight,no weight,purpl,
low,variation,4359,weight,no weight,purpl,
low,variation,4360,weight,no weight,purpl,
low,variation,4361,weight,no weight,purpl,
low,variation,4362,weight,no weight,purpl,
low,variation,4363,weight,no weight,purpl,
low,variation,4364,weight,no weight,purpl,
low,variation,4365,weight,no weight,purpl,
low,variation,4366,weight,no weight,purpl,
low,variation,4367,weight,no weight,purpl,
low,variation,4368,weight,no weight,purpl,
low,variation,4369,weight,no weight,purpl,
low,variation,4370,weight,no weight,purpl,
low,variation,4371,weight,no weight,purpl,
low,variation,4372,weight,no weight,purpl,
low,variation,4373,weight,no weight,purpl,
low,variation,4374,weight,no weight,purpl,
low,variation,4375,weight,no weight,purpl,
low,variation,4376,weight,no weight,purpl,
low,variation,4377,weight,no weight,purpl,
low,variation,4378,weight,no weight,purpl,
low,variation,4389,weight,no weight,purpl,
low,variation,4390,weight,no weight,purpl,
low,variation,4391,weight,no weight,purpl,
low,variation,4392,weight,no weight,purpl,
low,variation,4393,weight,no weight,purpl,
low,variation,4394,weight,no weight,purpl,
low,variation,4395,weight,no weight,purpl,
low,variation,4396,weight,no weight,purpl,
low,variation,4397,weight,no weight,purpl,
low,variation,4398,weight,no weight,purpl,
low,variation,4399,weight,no weight,purpl,
low,variation,4400,weight,no weight,purpl,
low,variation,4401,weight,no weight,purpl,
low,variation,4402,weight,no weight,purpl,
low,variation,4403,weight,no weight,purpl,
low,variation,4404,weight,no weight,purpl,
low,variation,4405,weight,no weight,purpl,
low,variation,4406,weight,no weight,purpl,
low,variation,4407,weight,no weight,purpl,
low,variation,4408,weight,no weight,purpl,
low,variation,4409,weight,no weight,purpl,
low,variation,4423,weight,no weight,purpl,
low,variation,4424,weight,no weight,purpl,
low,variation,4425,weight,no weight,purpl,
low,variation,4426,weight,no weight,purpl,
low,variation,4427,weight,no weight,purpl,
low,variation,4428,weight,no weight,purpl,
low,variation,4429,weight,no weight,purpl,
low,variation,4430,weight,no weight,purpl,
low,variation,4431,weight,no weight,purpl,
low,variation,4432,weight,no weight,purpl,
low,variation,4433,weight,no weight,purpl,
low,variation,4434,weight,no weight,purpl,
low,variation,4435,weight,no weight,purpl,
low,variation,4436,weight,no weight,purpl,
low,variation,4437,weight,no weight,purpl,
low,variation,4438,weight,no weight,purpl,
low,variation,4439,weight,no weight,purpl,
low,variation,4440,weight,no weight,purpl,
low,variation,4441,weight,no weight,purpl,
low,variation,4442,weight,no weight,purpl,
low,variation,4443,weight,no weight,purpl,
low,variation,4457,weight,no weight,purpl,
low,variation,4458,weight,no weight,purpl,
low,variation,4459,weight,no weight,purpl,
low,variation,4460,weight,no weight,purpl,
low,variation,4461,weight,no weight,purpl,
low,variation,4462,weight,no weight,purpl,
low,variation,4463,weight,no weight,purpl,
low,variation,4464,weight,no weight,purpl,
low,variation,4465,weight,no weight,purpl,
low,variation,4466,weight,no weight,purpl,
low,variation,4467,weight,no weight,purpl,
low,variation,4468,weight,no weight,purpl,
low,variation,4469,weight,no weight,purpl,
low,variation,4470,weight,no weight,purpl,
low,variation,4471,weight,no weight,purpl,
low,variation,4472,weight,no weight,purpl,
low,variation,4473,weight,no weight,purpl,
low,variation,4474,weight,no weight,purpl,
low,variation,4475,weight,no weight,purpl,
low,variation,4476,weight,no weight,purpl,
low,variation,4477,weight,no weight,purpl,
low,variation,4491,weight,no weight,purpl,
low,variation,4493,weight,no weight,purpl,
low,variation,4494,weight,no weight,purpl,
low,variation,4495,weight,no weight,purpl,
low,variation,4496,weight,no weight,purpl,
low,variation,4497,weight,no weight,purpl,
low,variation,4499,weight,no weight,purpl,
low,variation,4500,weight,no weight,purpl,
low,variation,4501,weight,no weight,purpl,
low,variation,4502,weight,no weight,purpl,
low,variation,4503,weight,no weight,purpl,
low,variation,4504,weight,no weight,purpl,
low,variation,4514,weight,no weight,purpl,
low,variation,4515,weight,no weight,purpl,
low,variation,4516,weight,no weight,purpl,
low,variation,4807,weight,no weight,purpl,
low,variation,4811,weight,no weight,purpl,
low,variation,4850,weight,no weight,purpl,
low,variation,4851,weight,no weight,purpl,
low,variation,4852,weight,no weight,purpl,
low,variation,4853,weight,no weight,purpl,
low,variation,4854,weight,no weight,purpl,
low,variation,4855,weight,no weight,purpl,
low,variation,4856,weight,no weight,purpl,
low,variation,4857,weight,no weight,purpl,
low,variation,4858,weight,no weight,purpl,
low,variation,4859,weight,no weight,purpl,
low,variation,4860,weight,no weight,purpl,
low,variation,4861,weight,no weight,purpl,
low,variation,4862,weight,no weight,purpl,
low,variation,4863,weight,no weight,purpl,
low,variation,4864,weight,no weight,purpl,
low,variation,4865,weight,no weight,purpl,
low,variation,4866,weight,no weight,purpl,
low,variation,4867,weight,no weight,purpl,
low,variation,4868,weight,no weight,purpl,
low,variation,4869,weight,no weight,purpl,
low,variation,4870,weight,no weight,purpl,
low,variation,4889,weight,no weight,purpl,
low,variation,4890,weight,no weight,purpl,
low,variation,4891,weight,no weight,purpl,
low,variation,4892,weight,no weight,purpl,
low,variation,4893,weight,no weight,purpl,
low,variation,4894,weight,no weight,purpl,
low,variation,4895,weight,no weight,purpl,
low,variation,4896,weight,no weight,purpl,
low,variation,4897,weight,no weight,purpl,
low,variation,4898,weight,no weight,purpl,
low,variation,4899,weight,no weight,purpl,
low,variation,4900,weight,no weight,purpl,
low,variation,4901,weight,no weight,purpl,
low,variation,4902,weight,no weight,purpl,
low,variation,4903,weight,no weight,purpl,
low,variation,4904,weight,no weight,purpl,
low,variation,4911,weight,no weight,purpl,
low,variation,4912,weight,no weight,purpl,
low,variation,4913,weight,no weight,purpl,
low,variation,4914,weight,no weight,purpl,
low,variation,4915,weight,no weight,purpl,
low,variation,4916,weight,no weight,purpl,
low,variation,4917,weight,no weight,purpl,
low,variation,4918,weight,no weight,purpl,
low,variation,4928,weight,no weight,purpl,
low,variation,4929,weight,no weight,purpl,
low,variation,4935,weight,no weight,purpl,
low,variation,4936,weight,no weight,purpl,
low,variation,4937,weight,no weight,purpl,
low,variation,4938,weight,no weight,purpl,
low,variation,4939,weight,no weight,purpl,
low,variation,4940,weight,no weight,purpl,
low,variation,4941,weight,no weight,purpl,
low,variation,4942,weight,no weight,purpl,
low,variation,4943,weight,no weight,purpl,
low,variation,4944,weight,no weight,purpl,
low,variation,4945,weight,no weight,purpl,
low,variation,4946,weight,no weight,purpl,
low,variation,4947,weight,no weight,purpl,
low,variation,4948,weight,no weight,purpl,
low,variation,4949,weight,no weight,purpl,
low,variation,4953,weight,no weight,purpl,
low,variation,5021,weight,no weight,purpl,
low,variation,5022,weight,no weight,purpl,
low,variation,5023,weight,no weight,purpl,
low,variation,5024,weight,no weight,purpl,
low,variation,5025,weight,no weight,purpl,
low,variation,5026,weight,no weight,purpl,
low,variation,5027,weight,no weight,purpl,
low,variation,5028,weight,no weight,purpl,
low,variation,5029,weight,no weight,purpl,
low,variation,5030,weight,no weight,purpl,
low,variation,5031,weight,no weight,purpl,
low,variation,5032,weight,no weight,purpl,
low,variation,5033,weight,no weight,purpl,
low,variation,5034,weight,no weight,purpl,
low,variation,5035,weight,no weight,purpl,
low,variation,5036,weight,no weight,purpl,
low,variation,5038,weight,no weight,purpl,
low,variation,5039,weight,no weight,purpl,
low,variation,5040,weight,no weight,purpl,
low,variation,5041,weight,no weight,purpl,
low,variation,5042,weight,no weight,purpl,
low,variation,5043,weight,no weight,purpl,
low,variation,5044,weight,no weight,purpl,
low,variation,5045,weight,no weight,purpl,
low,variation,5199,weight,no weight,purpl,
low,variation,5200,weight,no weight,purpl,
low,variation,5201,weight,no weight,purpl,
low,variation,5319,weight,no weight,purpl,
low,variation,5320,weight,no weight,purpl,
low,variation,5435,weight,no weight,purpl,
low,variation,5436,weight,no weight,purpl,
low,variation,5437,weight,no weight,purpl,
low,variation,5438,weight,no weight,purpl,
low,variation,5439,weight,no weight,purpl,
low,variation,5440,weight,no weight,purpl,
low,variation,5441,weight,no weight,purpl,
low,variation,5442,weight,no weight,purpl,
low,variation,5443,weight,no weight,purpl,
low,variation,5444,weight,no weight,purpl,
low,variation,5445,weight,no weight,purpl,
low,variation,5446,weight,no weight,purpl,
low,variation,5470,weight,no weight,purpl,
low,variation,5471,weight,no weight,purpl,
low,variation,5472,weight,no weight,purpl,
low,variation,5473,weight,no weight,purpl,
low,variation,5474,weight,no weight,purpl,
low,variation,5475,weight,no weight,purpl,
low,variation,5585,weight,no weight,purpl,
low,variation,5586,weight,no weight,purpl,
low,variation,5587,weight,no weight,purpl,
low,variation,5588,weight,no weight,purpl,
low,variation,5589,weight,no weight,purpl,
low,variation,5590,weight,no weight,purpl,
low,variation,5591,weight,no weight,purpl,
low,variation,5592,weight,no weight,purpl,
low,variation,5953,weight,no weight,purpl,
low,variation,5954,weight,no weight,purpl,
low,variation,5955,weight,no weight,purpl,
low,variation,5991,weight,no weight,purpl,
low,variation,5992,weight,no weight,purpl,
low,variation,5993,weight,no weight,purpl,
low,variation,5994,weight,no weight,purpl,
low,variation,5995,weight,no weight,purpl,
low,variation,5996,weight,no weight,purpl,
low,variation,5997,weight,no weight,purpl,
low,variation,5998,weight,no weight,purpl,
low,variation,5999,weight,no weight,purpl,
low,variation,6000,weight,no weight,purpl,
low,variation,6001,weight,no weight,purpl,
low,variation,6002,weight,no weight,purpl,
low,variation,6003,weight,no weight,purpl,
low,variation,6004,weight,no weight,purpl,
low,variation,6005,weight,no weight,purpl,
low,variation,6006,weight,no weight,purpl,
low,variation,6007,weight,no weight,purpl,
low,variation,6008,weight,no weight,purpl,
low,variation,6009,weight,no weight,purpl,
low,variation,6010,weight,no weight,purpl,
low,variation,6011,weight,no weight,purpl,
low,variation,6012,weight,no weight,purpl,
low,variation,6013,weight,no weight,purpl,
low,variation,6014,weight,no weight,purpl,
low,variation,6037,weight,no weight,purpl,
low,variation,6038,weight,no weight,purpl,
low,variation,6039,weight,no weight,purpl,
low,variation,6040,weight,no weight,purpl,
low,variation,6041,weight,no weight,purpl,
low,variation,6042,weight,no weight,purpl,
low,variation,6043,weight,no weight,purpl,
low,variation,6044,weight,no weight,purpl,
low,variation,6045,weight,no weight,purpl,
low,variation,6046,weight,no weight,purpl,
low,variation,6047,weight,no weight,purpl,
low,variation,6048,weight,no weight,purpl,
low,variation,6049,weight,no weight,purpl,
low,variation,6050,weight,no weight,purpl,
low,variation,6051,weight,no weight,purpl,
low,variation,6052,weight,no weight,purpl,
low,variation,6053,weight,no weight,purpl,
low,variation,6054,weight,no weight,purpl,
low,variation,6055,weight,no weight,purpl,
low,variation,6056,weight,no weight,purpl,
low,variation,6057,weight,no weight,purpl,
low,variation,6058,weight,no weight,purpl,
low,variation,6059,weight,no weight,purpl,
low,variation,6060,weight,no weight,purpl,
low,variation,6061,weight,no weight,purpl,
low,variation,6062,weight,no weight,purpl,
low,variation,6120,weight,no weight,purpl,
low,variation,6121,weight,no weight,purpl,
low,variation,6122,weight,no weight,purpl,
low,variation,6123,weight,no weight,purpl,
low,variation,6124,weight,no weight,purpl,
low,variation,6134,weight,no weight,purpl,
low,variation,6135,weight,no weight,purpl,
low,variation,6136,weight,no weight,purpl,
low,variation,6137,weight,no weight,purpl,
low,variation,6138,weight,no weight,purpl,
low,variation,6139,weight,no weight,purpl,
low,variation,6140,weight,no weight,purpl,
low,variation,6141,weight,no weight,purpl,
low,variation,6244,weight,no weight,purpl,
low,variation,6245,weight,no weight,purpl,
low,variation,6246,weight,no weight,purpl,
low,variation,6247,weight,no weight,purpl,
low,variation,6248,weight,no weight,purpl,
low,variation,6249,weight,no weight,purpl,
low,variation,6250,weight,no weight,purpl,
low,variation,6251,weight,no weight,purpl,
low,variation,6252,weight,no weight,purpl,
low,variation,6254,weight,no weight,purpl,
low,variation,6255,weight,no weight,purpl,
low,variation,6256,weight,no weight,purpl,
low,variation,6257,weight,no weight,purpl,
low,variation,6258,weight,no weight,purpl,
low,variation,6259,weight,no weight,purpl,
low,variation,6260,weight,no weight,purpl,
low,variation,6261,weight,no weight,purpl,
low,variation,6262,weight,no weight,purpl,
low,variation,6374,weight,no weight,purpl,
low,variation,6429,weight,no weight,purpl,
low,variation,6441,weight,no weight,purpl,
low,variation,6442,weight,no weight,purpl,
low,variation,6445,weight,no weight,purpl,
low,variation,6446,weight,no weight,purpl,
low,variation,6447,weight,no weight,purpl,
low,variation,6448,weight,no weight,purpl,
low,variation,6449,weight,no weight,purpl,
low,variation,6457,weight,no weight,purpl,
low,variation,6482,weight,no weight,purpl,
low,variation,6483,weight,no weight,purpl,
low,variation,6484,weight,no weight,purpl,
low,variation,6485,weight,no weight,purpl,
low,variation,6486,weight,no weight,purpl,
low,variation,6487,weight,no weight,purpl,
low,variation,6488,weight,no weight,purpl,
low,variation,6489,weight,no weight,purpl,
low,variation,6490,weight,no weight,purpl,
low,variation,6491,weight,no weight,purpl,
low,variation,6492,weight,no weight,purpl,
low,variation,6493,weight,no weight,purpl,
low,variation,6494,weight,no weight,purpl,
low,variation,6495,weight,no weight,purpl,
low,variation,6497,weight,no weight,purpl,
low,variation,6498,weight,no weight,purpl,
low,variation,6499,weight,no weight,purpl,
low,variation,6500,weight,no weight,purpl,
low,variation,6501,weight,no weight,purpl,
low,variation,6502,weight,no weight,purpl,
low,variation,6503,weight,no weight,purpl,
low,variation,6504,weight,no weight,purpl,
low,variation,6505,weight,no weight,purpl,
low,variation,6506,weight,no weight,purpl,
low,variation,6507,weight,no weight,purpl,
low,variation,6508,weight,no weight,purpl,
low,variation,6509,weight,no weight,purpl,
low,variation,6510,weight,no weight,purpl,
low,variation,6513,weight,no weight,purpl,
low,variation,6514,weight,no weight,purpl,
low,variation,6515,weight,no weight,purpl,
low,variation,6516,weight,no weight,purpl,
low,variation,6517,weight,no weight,purpl,
low,variation,6518,weight,no weight,purpl,
low,variation,6519,weight,no weight,purpl,
low,variation,6520,weight,no weight,purpl,
low,variation,6521,weight,no weight,purpl,
low,variation,6522,weight,no weight,purpl,
low,variation,6523,weight,no weight,purpl,
low,variation,6524,weight,no weight,purpl,
low,variation,6525,weight,no weight,purpl,
low,variation,6526,weight,no weight,purpl,
low,variation,6528,weight,no weight,purpl,
low,variation,6529,weight,no weight,purpl,
low,variation,6530,weight,no weight,purpl,
low,variation,6531,weight,no weight,purpl,
low,variation,6532,weight,no weight,purpl,
low,variation,6533,weight,no weight,purpl,
low,variation,6534,weight,no weight,purpl,
low,variation,6535,weight,no weight,purpl,
low,variation,6536,weight,no weight,purpl,
low,variation,6537,weight,no weight,purpl,
low,variation,6538,weight,no weight,purpl,
low,variation,6539,weight,no weight,purpl,
low,variation,6540,weight,no weight,purpl,
low,variation,6541,weight,no weight,purpl,
low,variation,6543,weight,no weight,purpl,
low,variation,6544,weight,no weight,purpl,
low,variation,6545,weight,no weight,purpl,
low,variation,6546,weight,no weight,purpl,
low,variation,6547,weight,no weight,purpl,
low,variation,6549,weight,no weight,purpl,
low,variation,6550,weight,no weight,purpl,
low,variation,6551,weight,no weight,purpl,
low,variation,6552,weight,no weight,purpl,
low,variation,6553,weight,no weight,purpl,
low,variation,6555,weight,no weight,purpl,
low,variation,6556,weight,no weight,purpl,
low,variation,6557,weight,no weight,purpl,
low,variation,6558,weight,no weight,purpl,
low,variation,6559,weight,no weight,purpl,
low,variation,6560,weight,no weight,purpl,
low,variation,6563,weight,no weight,purpl,
low,variation,6564,weight,no weight,purpl,
low,variation,6565,weight,no weight,purpl,
low,variation,6566,weight,no weight,purpl,
low,variation,6567,weight,no weight,purpl,
low,variation,6568,weight,no weight,purpl,
low,variation,6569,weight,no weight,purpl,
low,variation,6570,weight,no weight,purpl,
low,variation,6571,weight,no weight,purpl,
low,variation,6572,weight,no weight,purpl,
low,variation,6573,weight,no weight,purpl,
low,variation,6574,weight,no weight,purpl,
low,variation,6576,weight,no weight,purpl,
low,variation,6578,weight,no weight,purpl,
low,variation,6580,weight,no weight,purpl,
low,variation,6581,weight,no weight,purpl,
low,variation,6582,weight,no weight,purpl,
low,variation,6583,weight,no weight,purpl,
low,variation,6584,weight,no weight,purpl,
low,variation,6585,weight,no weight,purpl,
low,variation,6587,weight,no weight,purpl,
low,variation,6588,weight,no weight,purpl,
low,variation,6589,weight,no weight,purpl,
low,variation,6590,weight,no weight,purpl,
low,variation,6591,weight,no weight,purpl,
low,variation,6592,weight,no weight,purpl,
low,variation,6594,weight,no weight,purpl,
low,variation,6595,weight,no weight,purpl,
low,variation,6596,weight,no weight,purpl,
low,variation,6597,weight,no weight,purpl,
low,variation,6598,weight,no weight,purpl,
low,variation,6599,weight,no weight,purpl,
low,variation,6600,weight,no weight,purpl,
low,variation,6602,weight,no weight,purpl,
low,variation,6603,weight,no weight,purpl,
low,variation,6604,weight,no weight,purpl,
low,variation,6605,weight,no weight,purpl,
low,variation,6606,weight,no weight,purpl,
low,variation,6607,weight,no weight,purpl,
low,variation,6608,weight,no weight,purpl,
low,variation,6610,weight,no weight,purpl,
low,variation,6611,weight,no weight,purpl,
low,variation,6616,weight,no weight,purpl,
low,variation,6617,weight,no weight,purpl,
low,variation,6618,weight,no weight,purpl,
low,variation,6619,weight,no weight,purpl,
low,variation,6620,weight,no weight,purpl,
low,variation,6621,weight,no weight,purpl,
low,variation,6622,weight,no weight,purpl,
low,variation,6623,weight,no weight,purpl,
low,variation,6624,weight,no weight,purpl,
low,variation,6625,weight,no weight,purpl,
low,variation,6626,weight,no weight,purpl,
low,variation,6627,weight,no weight,purpl,
low,variation,6628,weight,no weight,purpl,
low,variation,6629,weight,no weight,purpl,
low,variation,6630,weight,no weight,purpl,
low,variation,6631,weight,no weight,purpl,
low,variation,6632,weight,no weight,purpl,
low,variation,6633,weight,no weight,purpl,
low,variation,6634,weight,no weight,purpl,
low,variation,6637,weight,no weight,purpl,
low,variation,6638,weight,no weight,purpl,
low,variation,6639,weight,no weight,purpl,
low,variation,6640,weight,no weight,purpl,
low,variation,6641,weight,no weight,purpl,
low,variation,6643,weight,no weight,purpl,
low,variation,6644,weight,no weight,purpl,
low,variation,6645,weight,no weight,purpl,
low,variation,6646,weight,no weight,purpl,
low,variation,6647,weight,no weight,purpl,
low,variation,6649,weight,no weight,purpl,
low,variation,6650,weight,no weight,purpl,
low,variation,6651,weight,no weight,purpl,
low,variation,6652,weight,no weight,purpl,
low,variation,6660,weight,no weight,purpl,
low,variation,6661,weight,no weight,purpl,
low,variation,6662,weight,no weight,purpl,
low,variation,6664,weight,no weight,purpl,
low,variation,6665,weight,no weight,purpl,
low,variation,6666,weight,no weight,purpl,
low,variation,6667,weight,no weight,purpl,
low,variation,6668,weight,no weight,purpl,
low,variation,6669,weight,no weight,purpl,
low,variation,6670,weight,no weight,purpl,
low,variation,6671,weight,no weight,purpl,
low,variation,6672,weight,no weight,purpl,
low,variation,6673,weight,no weight,purpl,
low,variation,6674,weight,no weight,purpl,
low,variation,6675,weight,no weight,purpl,
low,variation,6676,weight,no weight,purpl,
low,variation,6677,weight,no weight,purpl,
low,variation,6678,weight,no weight,purpl,
low,variation,6693,weight,no weight,purpl,
low,variation,6696,weight,no weight,purpl,
low,variation,6698,weight,no weight,purpl,
low,variation,6700,weight,no weight,purpl,
low,variation,6704,weight,no weight,purpl,
low,variation,6705,weight,no weight,purpl,
low,variation,6707,weight,no weight,purpl,
low,variation,6711,weight,no weight,purpl,
low,variation,6712,weight,no weight,purpl,
low,variation,6717,weight,no weight,purpl,
low,variation,6719,weight,no weight,purpl,
low,variation,6720,weight,no weight,purpl,
low,variation,6721,weight,no weight,purpl,
low,variation,6722,weight,no weight,purpl,
low,variation,6723,weight,no weight,purpl,
low,variation,6724,weight,no weight,purpl,
low,variation,6725,weight,no weight,purpl,
low,variation,6726,weight,no weight,purpl,
low,variation,6727,weight,no weight,purpl,
low,variation,6728,weight,no weight,purpl,
low,variation,6729,weight,no weight,purpl,
low,variation,6730,weight,no weight,purpl,
low,variation,6731,weight,no weight,purpl,
low,variation,6732,weight,no weight,purpl,
low,variation,6733,weight,no weight,purpl,
low,variation,6734,weight,no weight,purpl,
low,variation,6735,weight,no weight,purpl,
low,variation,6736,weight,no weight,purpl,
low,variation,6737,weight,no weight,purpl,
low,variation,6738,weight,no weight,purpl,
low,variation,6739,weight,no weight,purpl,
low,variation,6740,weight,no weight,purpl,
low,variation,6741,weight,no weight,purpl,
low,variation,6742,weight,no weight,purpl,
low,variation,6743,weight,no weight,purpl,
low,variation,6744,weight,no weight,purpl,
low,variation,6745,weight,no weight,purpl,
low,variation,6746,weight,no weight,purpl,
low,variation,6747,weight,no weight,purpl,
low,variation,6749,weight,no weight,purpl,
low,variation,6750,weight,no weight,purpl,
low,variation,6751,weight,no weight,purpl,
low,variation,6752,weight,no weight,purpl,
low,variation,6753,weight,no weight,purpl,
low,variation,6754,weight,no weight,purpl,
low,variation,6755,weight,no weight,purpl,
low,variation,6756,weight,no weight,purpl,
low,variation,6757,weight,no weight,purpl,
low,variation,6759,weight,no weight,purpl,
low,variation,6760,weight,no weight,purpl,
low,variation,6761,weight,no weight,purpl,
low,variation,6762,weight,no weight,purpl,
low,variation,6765,weight,no weight,purpl,
low,variation,6766,weight,no weight,purpl,
low,variation,6769,weight,no weight,purpl,
low,variation,6770,weight,no weight,purpl,
low,variation,6771,weight,no weight,purpl,
low,variation,6772,weight,no weight,purpl,
low,variation,6774,weight,no weight,purpl,
low,variation,6775,weight,no weight,purpl,
low,variation,6776,weight,no weight,purpl,
low,variation,6778,weight,no weight,purpl,
low,variation,6780,weight,no weight,purpl,
low,variation,6782,weight,no weight,purpl,
low,variation,6784,weight,no weight,purpl,
low,variation,6786,weight,no weight,purpl,
low,variation,6788,weight,no weight,purpl,
low,variation,6790,weight,no weight,purpl,
low,variation,6793,weight,no weight,purpl,
low,variation,6794,weight,no weight,purpl,
low,variation,6795,weight,no weight,purpl,
low,variation,6796,weight,no weight,purpl,
low,variation,6797,weight,no weight,purpl,
low,variation,6798,weight,no weight,purpl,
low,variation,6799,weight,no weight,purpl,
low,variation,6802,weight,no weight,purpl,
low,variation,6803,weight,no weight,purpl,
low,variation,6804,weight,no weight,purpl,
low,variation,6805,weight,no weight,purpl,
low,variation,6806,weight,no weight,purpl,
low,variation,6807,weight,no weight,purpl,
low,variation,6808,weight,no weight,purpl,
low,variation,6810,weight,no weight,purpl,
low,variation,6811,weight,no weight,purpl,
low,variation,6812,weight,no weight,purpl,
low,variation,6813,weight,no weight,purpl,
low,variation,6814,weight,no weight,purpl,
low,variation,6815,weight,no weight,purpl,
low,variation,6852,weight,no weight,purpl,
low,variation,6853,weight,no weight,purpl,
low,variation,6854,weight,no weight,purpl,
low,variation,6856,weight,no weight,purpl,
low,variation,6857,weight,no weight,purpl,
low,variation,6858,weight,no weight,purpl,
info,page,1692,status,status=draft (slug ''); confirm migrate/exclude,client,
info,page,2535,status,status=draft (slug ''); confirm migrate/exclude,client,
info,page,3276,status,status=draft (slug ''); confirm migrate/exclude,client,
info,product,1581,status,status=draft; confirm migrate/exclude,client,
info,product,1582,status,status=draft; confirm migrate/exclude,client,
info,product,1601,status,status=draft; confirm migrate/exclude,client,
info,product,1602,status,status=draft; confirm migrate/exclude,client,
info,product,1603,status,status=draft; confirm migrate/exclude,client,
info,product,1605,status,status=draft; confirm migrate/exclude,client,
info,product,1606,status,status=draft; confirm migrate/exclude,client,
info,product,1613,yoast_redirect,Yoast redirect info present; include in redirect map,purpl,
info,product,1618,yoast_redirect,Yoast redirect info present; include in redirect map,purpl,
info,product,1625,status,status=draft; confirm migrate/exclude,client,
info,product,1626,status,status=draft; confirm migrate/exclude,client,
info,product,1633,status,status=draft; confirm migrate/exclude,client,
info,product,1634,status,status=draft; confirm migrate/exclude,client,
info,product,1635,status,status=draft; confirm migrate/exclude,client,
info,product,1636,status,status=draft; confirm migrate/exclude,client,
info,product,1639,yoast_redirect,Yoast redirect info present; include in redirect map,purpl,
info,product,1648,status,status=draft; confirm migrate/exclude,client,
info,product,1649,status,status=draft; confirm migrate/exclude,client,
info,product,1650,status,status=draft; confirm migrate/exclude,client,
info,product,1652,status,status=draft; confirm migrate/exclude,client,
info,product,1655,status,status=draft; confirm migrate/exclude,client,
info,product,3593,status,status=draft; confirm migrate/exclude,client,
info,product,3667,status,status=draft; confirm migrate/exclude,client,
info,product,4321,yoast_redirect,Yoast redirect info present; include in redirect map,purpl,
info,product,4422,yoast_redirect,Yoast redirect info present; include in redirect map,purpl,
info,product,4888,yoast_redirect,Yoast redirect info present; include in redirect map,purpl,
info,product,4934,yoast_redirect,Yoast redirect info present; include in redirect map,purpl,
info,product,5640,yoast_redirect,Yoast redirect info present; include in redirect map,purpl,
info,product,5666,yoast_redirect,Yoast redirect info present; include in redirect map,purpl,
info,product,6642,yoast_redirect,Yoast redirect info present; include in redirect map,purpl,
