url,source,type,status,lastmod,proposed_destination,redirect_type,notes
https://prosporter.com.au/blog/,sitemap:post-sitemap.xml,post,publish,2024-01-18T23:03:24+00:00,/blog/,keep path (200) or 301,
https://prosporter.com.au/109/,sitemap:post-sitemap.xml,post,publish,2019-12-17T14:04:24+00:00,/109/,keep path (200) or 301,
https://prosporter.com.au/latest-make-up-trends/,sitemap:post-sitemap.xml,post,publish,2019-12-17T14:12:18+00:00,/latest-make-up-trends/,keep path (200) or 301,
https://prosporter.com.au/everything-about-skin/,sitemap:post-sitemap.xml,post,publish,2019-12-17T14:13:58+00:00,/everything-about-skin/,keep path (200) or 301,
https://prosporter.com.au/growing-categories/,sitemap:post-sitemap.xml,post,publish,2019-12-17T14:16:13+00:00,/growing-categories/,keep path (200) or 301,
https://prosporter.com.au/ethical-skin-care/,sitemap:post-sitemap.xml,post,publish,2019-12-17T14:17:25+00:00,/ethical-skin-care/,keep path (200) or 301,
https://prosporter.com.au/hair-care-organic/,sitemap:post-sitemap.xml,post,publish,2019-12-17T14:18:27+00:00,/hair-care-organic/,keep path (200) or 301,
https://prosporter.com.au/led-light-therapy/,sitemap:post-sitemap.xml,post,publish,2019-12-17T14:19:50+00:00,/led-light-therapy/,keep path (200) or 301,
https://prosporter.com.au/authentic-brands/,sitemap:post-sitemap.xml,post,publish,2019-12-17T14:21:18+00:00,/authentic-brands/,keep path (200) or 301,
https://prosporter.com.au/superfood-beauty/,sitemap:post-sitemap.xml,post,publish,2019-12-17T14:22:29+00:00,/superfood-beauty/,keep path (200) or 301,
https://prosporter.com.au/the-ultimate-guide-to-choosing-the-right-sport-merchant/,sitemap:post-sitemap.xml,post,publish,2024-01-18T22:53:33+00:00,/the-ultimate-guide-to-choosing-the-right-sport-merchant/,keep path (200) or 301,
https://prosporter.com.au/a-guide-to-choosing-the-right-sport-merchant/,sitemap:post-sitemap.xml,post,publish,2024-01-18T22:53:54+00:00,/a-guide-to-choosing-the-right-sport-merchant/,keep path (200) or 301,
https://prosporter.com.au/how-to-choose-the-right-sport-merchant-for-your-needs/,sitemap:post-sitemap.xml,post,publish,2024-01-18T23:02:29+00:00,/how-to-choose-the-right-sport-merchant-for-your-needs/,keep path (200) or 301,
https://prosporter.com.au/choosing-the-right-sport-merchant-for-your-needs/,sitemap:post-sitemap.xml,post,publish,2024-01-18T23:02:50+00:00,/choosing-the-right-sport-merchant-for-your-needs/,keep path (200) or 301,
https://prosporter.com.au/the-benefits-of-shopping-at-a-sport-merchant/,sitemap:post-sitemap.xml,post,publish,2024-01-18T23:03:05+00:00,/the-benefits-of-shopping-at-a-sport-merchant/,keep path (200) or 301,
https://prosporter.com.au/how-to-choose-the-right-sport-merchant-for-your-business/,sitemap:post-sitemap.xml,post,publish,2024-01-18T23:03:24+00:00,/how-to-choose-the-right-sport-merchant-for-your-business/,keep path (200) or 301,
https://prosporter.com.au/,sitemap:page-sitemap.xml,page,publish,2026-08-23T14:32:51+00:00,/,keep path (200) or 301,
https://prosporter.com.au/cart-2/,sitemap:page-sitemap.xml,page,publish,2019-12-17T09:44:18+00:00,/cart-2/,keep path (200) or 301,
https://prosporter.com.au/my-account-2/,sitemap:page-sitemap.xml,page,publish,2019-12-17T09:44:18+00:00,/my-account-2/,keep path (200) or 301,
https://prosporter.com.au/blog-2/,sitemap:page-sitemap.xml,page,publish,2019-12-18T12:57:05+00:00,/blog-2/,keep path (200) or 301,
https://prosporter.com.au/1687-2/,sitemap:page-sitemap.xml,page,publish,2024-01-28T17:47:20+00:00,/1687-2/,keep path (200) or 301,
https://prosporter.com.au/knee-pads/,sitemap:page-sitemap.xml,page,publish,2024-03-12T18:57:30+00:00,/knee-pads/,keep path (200) or 301,
https://prosporter.com.au/collections/,sitemap:page-sitemap.xml,page,publish,2024-03-26T13:13:24+00:00,/collections/,keep path (200) or 301,
https://prosporter.com.au/refund-policy/,sitemap:page-sitemap.xml,page,publish,2024-05-09T11:03:12+00:00,/refund-policy/,keep path (200) or 301,
https://prosporter.com.au/terms-of-service/,sitemap:page-sitemap.xml,page,publish,2024-05-09T11:03:35+00:00,/terms-of-service/,keep path (200) or 301,
https://prosporter.com.au/privacy-policy/,sitemap:page-sitemap.xml,page,publish,2024-05-09T11:04:42+00:00,/privacy-policy/,keep path (200) or 301,
https://prosporter.com.au/wishlist/,sitemap:page-sitemap.xml,page,publish,2024-12-08T12:29:14+00:00,/wishlist/,keep path (200) or 301,
https://prosporter.com.au/wishlist-2/,sitemap:page-sitemap.xml,page,publish,2025-03-24T22:51:26+00:00,/wishlist-2/,keep path (200) or 301,
https://prosporter.com.au/size-guide/,sitemap:page-sitemap.xml,page,publish,2025-04-18T06:50:51+00:00,/size-guide/,keep path (200) or 301,
https://prosporter.com.au/checkout-2/,sitemap:page-sitemap.xml,page,publish,2025-05-22T08:11:24+00:00,/checkout-2/,keep path (200) or 301,
https://prosporter.com.au/shop-sporter/,sitemap:page-sitemap.xml,page,publish,2026-01-11T11:48:45+00:00,/shop-sporter/,keep path (200) or 301,
https://prosporter.com.au/contact/,sitemap:page-sitemap.xml,page,publish,2026-01-11T11:52:11+00:00,/contact/,keep path (200) or 301,
https://prosporter.com.au/about/,sitemap:page-sitemap.xml,page,publish,2026-01-11T11:53:38+00:00,/about/,keep path (200) or 301,
https://prosporter.com.au/faq/,sitemap:page-sitemap.xml,page,publish,2026-01-11T11:55:04+00:00,/faq/,keep path (200) or 301,
https://prosporter.com.au/refund-request-form/,sitemap:page-sitemap.xml,page,publish,2026-03-23T22:28:42+00:00,/refund-request-form/,keep path (200) or 301,
https://prosporter.com.au/view-order-msg/,sitemap:page-sitemap.xml,page,publish,2026-03-23T22:28:43+00:00,/view-order-msg/,keep path (200) or 301,
https://prosporter.com.au/exchange-request-form/,sitemap:page-sitemap.xml,page,publish,2026-03-23T23:04:14+00:00,/exchange-request-form/,keep path (200) or 301,
https://prosporter.com.au/guest-request-form/,sitemap:page-sitemap.xml,page,publish,2026-03-23T23:04:14+00:00,/guest-request-form/,keep path (200) or 301,
https://prosporter.com.au/cancel-request-form/,sitemap:page-sitemap.xml,page,publish,2026-03-23T23:04:15+00:00,/cancel-request-form/,keep path (200) or 301,
https://prosporter.com.au/blog/,sitemap:product-sitemap.xml,product,publish,2026-09-01T01:18:07+00:00,/products/blog,301,
https://prosporter.com.au/product/slide-zip/,sitemap:product-sitemap.xml,product,publish,2025-08-12T12:50:58+00:00,/products/slide-zip,301,
https://prosporter.com.au/product/stivo-jacket/,sitemap:product-sitemap.xml,product,publish,2025-08-12T12:50:58+00:00,/products/stivo-jacket,301,
https://prosporter.com.au/product/quick-2-unisex/,sitemap:product-sitemap.xml,product,publish,2025-08-12T12:50:59+00:00,/products/quick-2-unisex,301,
https://prosporter.com.au/product/ponale-jacket/,sitemap:product-sitemap.xml,product,publish,2025-08-12T12:51:00+00:00,/products/ponale-jacket,301,
https://prosporter.com.au/product/ora/,sitemap:product-sitemap.xml,product,publish,2025-08-12T12:51:03+00:00,/products/ora,301,
https://prosporter.com.au/product/jordy-man/,sitemap:product-sitemap.xml,product,publish,2025-08-12T12:51:04+00:00,/products/jordy-man,301,
https://prosporter.com.au/product/baldo-hoodie/,sitemap:product-sitemap.xml,product,publish,2025-08-12T12:51:10+00:00,/products/baldo-hoodie,301,
https://prosporter.com.au/product/baldo-jacket/,sitemap:product-sitemap.xml,product,publish,2025-08-12T12:51:10+00:00,/products/baldo-jacket,301,
https://prosporter.com.au/product/modena-volley-shorts/,sitemap:product-sitemap.xml,product,publish,2025-08-12T12:51:16+00:00,/products/modena-volley-shorts,301,
https://prosporter.com.au/product/beach-volley-shorts-ibiza-black/,sitemap:product-sitemap.xml,product,publish,2025-08-12T12:51:19+00:00,/products/beach-volley-shorts-ibiza-black,301,
https://prosporter.com.au/product/beach-volley-shorts-ibiza-purple/,sitemap:product-sitemap.xml,product,publish,2025-08-12T12:51:19+00:00,/products/beach-volley-shorts-ibiza-purple,301,
https://prosporter.com.au/product/beach-volley-shorts-ibiza-white/,sitemap:product-sitemap.xml,product,publish,2025-08-12T12:51:19+00:00,/products/beach-volley-shorts-ibiza-white,301,
https://prosporter.com.au/product/beach-volley-shorts-osaka-man/,sitemap:product-sitemap.xml,product,publish,2025-08-12T12:51:23+00:00,/products/beach-volley-shorts-osaka-man,301,
https://prosporter.com.au/product/beach-volley-shorts-tijuana-man-black/,sitemap:product-sitemap.xml,product,publish,2025-08-12T12:51:23+00:00,/products/beach-volley-shorts-tijuana-man-black,301,
https://prosporter.com.au/product/nine-womens-shorts-ibiza/,sitemap:product-sitemap.xml,product,publish,2025-08-12T12:51:27+00:00,/products/nine-womens-shorts-ibiza,301,
https://prosporter.com.au/product/beach-volley-womens-shorts-ibiza/,sitemap:product-sitemap.xml,product,publish,2025-08-12T12:51:27+00:00,/products/beach-volley-womens-shorts-ibiza,301,
https://prosporter.com.au/product/beach-volley-womens-shorts-ibiza-purple/,sitemap:product-sitemap.xml,product,publish,2025-08-12T12:51:27+00:00,/products/beach-volley-womens-shorts-ibiza-purple,301,
https://prosporter.com.au/product/beach-volley-shorts-tijuana-green/,sitemap:product-sitemap.xml,product,publish,2025-08-12T12:51:27+00:00,/products/beach-volley-shorts-tijuana-green,301,
https://prosporter.com.au/product/beach-volley-mens-shorts-modena-volley/,sitemap:product-sitemap.xml,product,publish,2025-08-12T12:51:31+00:00,/products/beach-volley-mens-shorts-modena-volley,301,
https://prosporter.com.au/product/nine-singlet-modena-volley/,sitemap:product-sitemap.xml,product,publish,2025-08-12T12:51:32+00:00,/products/nine-singlet-modena-volley,301,
https://prosporter.com.au/product/beach-volley-mens-shorts-osaka-black-orca/,sitemap:product-sitemap.xml,product,publish,2025-08-12T12:51:32+00:00,/products/beach-volley-mens-shorts-osaka-black-orca,301,
https://prosporter.com.au/product/beach-volley-womens-shorts-tijuana-black/,sitemap:product-sitemap.xml,product,publish,2025-08-12T12:51:32+00:00,/products/beach-volley-womens-shorts-tijuana-black,301,
https://prosporter.com.au/product/beach-volley-womens-shorts-modena-volley/,sitemap:product-sitemap.xml,product,publish,2025-08-12T12:51:32+00:00,/products/beach-volley-womens-shorts-modena-volley,301,
https://prosporter.com.au/product/beach-volley-singlet-ibiza-purple/,sitemap:product-sitemap.xml,product,publish,2025-08-12T12:51:33+00:00,/products/beach-volley-singlet-ibiza-purple,301,
https://prosporter.com.au/product/beach-volley-singlet-tijuana-yellow/,sitemap:product-sitemap.xml,product,publish,2025-08-12T12:51:34+00:00,/products/beach-volley-singlet-tijuana-yellow,301,
https://prosporter.com.au/product/beach-volleyball-crop-top-modena-volley/,sitemap:product-sitemap.xml,product,publish,2025-08-12T12:51:38+00:00,/products/beach-volleyball-crop-top-modena-volley,301,
https://prosporter.com.au/product/beach-volleyball-crop-top-ibiza-white/,sitemap:product-sitemap.xml,product,publish,2025-08-12T12:51:39+00:00,/products/beach-volleyball-crop-top-ibiza-white,301,
https://prosporter.com.au/product/beach-volleyball-crop-top-ibiza-purple/,sitemap:product-sitemap.xml,product,publish,2025-08-12T12:51:39+00:00,/products/beach-volleyball-crop-top-ibiza-purple,301,
https://prosporter.com.au/product/beach-volleyball-crop-top-ibiza-black/,sitemap:product-sitemap.xml,product,publish,2025-08-12T12:51:39+00:00,/products/beach-volleyball-crop-top-ibiza-black,301,
https://prosporter.com.au/product/beach-volleyball-crop-top-osaka-river/,sitemap:product-sitemap.xml,product,publish,2025-08-12T12:51:39+00:00,/products/beach-volleyball-crop-top-osaka-river,301,
https://prosporter.com.au/product/beach-volleyball-crop-top-osaka-ocean/,sitemap:product-sitemap.xml,product,publish,2025-08-12T12:51:39+00:00,/products/beach-volleyball-crop-top-osaka-ocean,301,
https://prosporter.com.au/product/beach-volleyball-crop-top-tijuana-yeallow/,sitemap:product-sitemap.xml,product,publish,2025-08-12T12:51:40+00:00,/products/beach-volleyball-crop-top-tijuana-yeallow,301,
https://prosporter.com.au/product/beach-volleyball-crop-top-tijuana-green/,sitemap:product-sitemap.xml,product,publish,2025-08-12T12:51:40+00:00,/products/beach-volleyball-crop-top-tijuana-green,301,
https://prosporter.com.au/product/nine-rain-jacket-ibiza-white/,sitemap:product-sitemap.xml,product,publish,2025-08-12T12:51:40+00:00,/products/nine-rain-jacket-ibiza-white,301,
https://prosporter.com.au/product/nine-rain-jacket-nine/,sitemap:product-sitemap.xml,product,publish,2025-08-12T12:51:45+00:00,/products/nine-rain-jacket-nine,301,
https://prosporter.com.au/product/provolley-premium-t-shirt-cinque-men/,sitemap:product-sitemap.xml,product,publish,2025-08-12T12:51:45+00:00,/products/provolley-premium-t-shirt-cinque-men,301,
https://prosporter.com.au/product/provolley-premium-tshirt-cinque-women/,sitemap:product-sitemap.xml,product,publish,2025-08-12T12:51:45+00:00,/products/provolley-premium-tshirt-cinque-women,301,
https://prosporter.com.au/product/beach-volley-bikini-bottoms-black/,sitemap:product-sitemap.xml,product,publish,2025-08-12T12:51:46+00:00,/products/beach-volley-bikini-bottoms-black,301,
https://prosporter.com.au/product/nine-volleyball-x-tape/,sitemap:product-sitemap.xml,product,publish,2025-08-12T12:51:48+00:00,/products/nine-volleyball-x-tape,301,
https://prosporter.com.au/product/coaching-board/,sitemap:product-sitemap.xml,product,publish,2025-08-12T12:51:49+00:00,/products/coaching-board,301,
https://prosporter.com.au/product/beach-volley-bikini-bottoms-purple/,sitemap:product-sitemap.xml,product,publish,2025-08-12T12:51:49+00:00,/products/beach-volley-bikini-bottoms-purple,301,
https://prosporter.com.au/product/beach-volley-bikini-bottoms-modenavolley/,sitemap:product-sitemap.xml,product,publish,2025-08-12T12:51:49+00:00,/products/beach-volley-bikini-bottoms-modenavolley,301,
https://prosporter.com.au/product/beach-bikini-bottoms-tijuana-green/,sitemap:product-sitemap.xml,product,publish,2025-08-12T12:51:50+00:00,/products/beach-bikini-bottoms-tijuana-green,301,
https://prosporter.com.au/product/beach-volley-bikini-bottoms-tijuana-black/,sitemap:product-sitemap.xml,product,publish,2025-08-12T12:51:50+00:00,/products/beach-volley-bikini-bottoms-tijuana-black,301,
https://prosporter.com.au/product/beac-volley-bikini-bottoms-women-osaka-river/,sitemap:product-sitemap.xml,product,publish,2025-08-12T12:51:50+00:00,/products/beac-volley-bikini-bottoms-women-osaka-river,301,
https://prosporter.com.au/product/italian-volleyball-jersey/,sitemap:product-sitemap.xml,product,publish,2025-08-12T12:51:50+00:00,/products/italian-volleyball-jersey,301,
https://prosporter.com.au/product/nine-rain-jacket-osaka-ocean/,sitemap:product-sitemap.xml,product,publish,2025-11-01T18:34:48+00:00,/products/nine-rain-jacket-osaka-ocean,301,
https://prosporter.com.au/product/beach-volley-singlet-ibiza-white/,sitemap:product-sitemap.xml,product,publish,2025-11-06T23:39:04+00:00,/products/beach-volley-singlet-ibiza-white,301,
https://prosporter.com.au/product/beach-volley-bikini-bottoms-white/,sitemap:product-sitemap.xml,product,publish,2025-11-06T23:39:05+00:00,/products/beach-volley-bikini-bottoms-white,301,
https://prosporter.com.au/product/beach-volley-singlet-osaka-ocean/,sitemap:product-sitemap.xml,product,publish,2026-02-18T13:57:18+00:00,/products/beach-volley-singlet-osaka-ocean,301,
https://prosporter.com.au/product/nago/,sitemap:product-sitemap.xml,product,publish,2026-05-09T14:28:33+00:00,/products/nago,301,
https://prosporter.com.au/product/fast-3-woman/,sitemap:product-sitemap.xml,product,publish,2026-06-02T03:45:15+00:00,/products/fast-3-woman,301,
https://prosporter.com.au/product/calle-2/,sitemap:product-sitemap.xml,product,publish,2026-06-17T07:12:39+00:00,/products/calle-2,301,
https://prosporter.com.au/product/ponale-sweater/,sitemap:product-sitemap.xml,product,publish,2026-06-25T08:47:36+00:00,/products/ponale-sweater,301,
https://prosporter.com.au/product/innerwestvolley-womens-shorts-black-white/,sitemap:product-sitemap.xml,product,publish,2026-06-25T15:15:19+00:00,/products/innerwestvolley-womens-shorts-black-white,301,
https://prosporter.com.au/product/womens-volleyball-jersey-sydney-australia/,sitemap:product-sitemap.xml,product,publish,2026-06-25T15:16:58+00:00,/products/womens-volleyball-jersey-sydney-australia,301,
https://prosporter.com.au/product/provolley-women-shorts-navy-white-yellow/,sitemap:product-sitemap.xml,product,publish,2026-07-10T04:36:53+00:00,/products/provolley-women-shorts-navy-white-yellow,301,
https://prosporter.com.au/product/provolley-mens-shorts-navy-white-yellow-copy/,sitemap:product-sitemap.xml,product,publish,2026-08-18T14:18:05+00:00,/products/provolley-mens-shorts-navy-white-yellow-copy,301,
https://prosporter.com.au/product/carrum-mens-shorts-black-and-yellow/,sitemap:product-sitemap.xml,product,publish,2026-08-19T04:55:48+00:00,/products/carrum-mens-shorts-black-and-yellow,301,
https://prosporter.com.au/product/carrum-mens-t-shirt/,sitemap:product-sitemap.xml,product,publish,2026-08-19T04:59:48+00:00,/products/carrum-mens-t-shirt,301,
https://prosporter.com.au/product/carrum-womens-jersey-black-and-yellow/,sitemap:product-sitemap.xml,product,publish,2026-08-19T05:07:29+00:00,/products/carrum-womens-jersey-black-and-yellow,301,
https://prosporter.com.au/product/carrum-womens-shorts-black-and-yellow/,sitemap:product-sitemap.xml,product,publish,2026-08-19T05:14:44+00:00,/products/carrum-womens-shorts-black-and-yellow,301,
https://prosporter.com.au/product/inner-west-volley-mens-polo-shirt/,sitemap:product-sitemap.xml,product,publish,2026-08-19T05:26:10+00:00,/products/inner-west-volley-mens-polo-shirt,301,
https://prosporter.com.au/product/inner-west-volley-female-polo-shirt/,sitemap:product-sitemap.xml,product,publish,2026-08-19T05:31:58+00:00,/products/inner-west-volley-female-polo-shirt,301,
https://prosporter.com.au/product/royal-male-t-shirt/,sitemap:product-sitemap.xml,product,publish,2026-08-19T06:06:40+00:00,/products/royal-male-t-shirt,301,
https://prosporter.com.au/product/royal-male-t-shirt-2/,sitemap:product-sitemap.xml,product,publish,2026-08-19T06:14:16+00:00,/products/royal-male-t-shirt-2,301,
https://prosporter.com.au/product/provolley-unisex-hats/,sitemap:product-sitemap.xml,product,publish,2026-08-19T06:18:23+00:00,/products/provolley-unisex-hats,301,
https://prosporter.com.au/product/inner-west-volley-unisex-hats/,sitemap:product-sitemap.xml,product,publish,2026-08-19T06:22:33+00:00,/products/inner-west-volley-unisex-hats,301,
https://prosporter.com.au/product/provolley-womens-old-style-short/,sitemap:product-sitemap.xml,product,publish,2026-08-19T06:44:56+00:00,/products/provolley-womens-old-style-short,301,
https://prosporter.com.au/product/royal-unisex-jacket/,sitemap:product-sitemap.xml,product,publish,2026-08-19T06:57:03+00:00,/products/royal-unisex-jacket,301,
https://prosporter.com.au/product/royal-unisex-pants-black/,sitemap:product-sitemap.xml,product,publish,2026-08-19T07:02:52+00:00,/products/royal-unisex-pants-black,301,
https://prosporter.com.au/product/modena-unisex-jacket/,sitemap:product-sitemap.xml,product,publish,2026-08-19T07:06:29+00:00,/products/modena-unisex-jacket,301,
https://prosporter.com.au/product/modena-volley-jersey/,sitemap:product-sitemap.xml,product,publish,2026-08-19T14:10:05+00:00,/products/modena-volley-jersey,301,
https://prosporter.com.au/product/presser-polo-t-shirt/,sitemap:product-sitemap.xml,product,publish,2026-08-19T14:20:34+00:00,/products/presser-polo-t-shirt,301,
https://prosporter.com.au/product/inner-west-volley-men-shorts-black-white/,sitemap:product-sitemap.xml,product,publish,2026-08-19T14:24:34+00:00,/products/inner-west-volley-men-shorts-black-white,301,
https://prosporter.com.au/product/provolley-kids-training-shorts/,sitemap:product-sitemap.xml,product,publish,2026-08-19T15:01:19+00:00,/products/provolley-kids-training-shorts,301,
https://prosporter.com.au/product/provolley-kids-training-t-shirt/,sitemap:product-sitemap.xml,product,publish,2026-08-19T15:29:18+00:00,/products/provolley-kids-training-t-shirt,301,
https://prosporter.com.au/product/provolley-kids-t-shirt-with-number/,sitemap:product-sitemap.xml,product,publish,2026-08-19T15:53:10+00:00,/products/provolley-kids-t-shirt-with-number,301,
https://prosporter.com.au/product/inner-west-volley-socks-1-pair/,sitemap:product-sitemap.xml,product,publish,2026-08-19T16:02:01+00:00,/products/inner-west-volley-socks-1-pair,301,
https://prosporter.com.au/product/baldo-collar-zip/,sitemap:product-sitemap.xml,product,publish,2026-08-19T16:30:25+00:00,/products/baldo-collar-zip,301,
https://prosporter.com.au/product/baldo-pants/,sitemap:product-sitemap.xml,product,publish,2026-08-19T16:35:17+00:00,/products/baldo-pants,301,
https://prosporter.com.au/product/velo-pants/,sitemap:product-sitemap.xml,product,publish,2026-08-19T16:39:00+00:00,/products/velo-pants,301,
https://prosporter.com.au/product/stivo-pants/,sitemap:product-sitemap.xml,product,publish,2026-08-19T16:58:04+00:00,/products/stivo-pants,301,
https://prosporter.com.au/product/ponale-pants/,sitemap:product-sitemap.xml,product,publish,2026-08-19T17:01:16+00:00,/products/ponale-pants,301,
https://prosporter.com.au/product/val-jacket/,sitemap:product-sitemap.xml,product,publish,2026-08-19T17:19:33+00:00,/products/val-jacket,301,
https://prosporter.com.au/product/val-polo-mens/,sitemap:product-sitemap.xml,product,publish,2026-08-19T17:32:40+00:00,/products/val-polo-mens,301,
https://prosporter.com.au/product/looney-tunes-kids-short/,sitemap:product-sitemap.xml,product,publish,2026-08-19T17:58:02+00:00,/products/looney-tunes-kids-short,301,
https://prosporter.com.au/product/italia-looney-tunes-kid-shirt/,sitemap:product-sitemap.xml,product,publish,2026-08-19T18:02:52+00:00,/products/italia-looney-tunes-kid-shirt,301,
https://prosporter.com.au/product/mizuno-t-shirt/,sitemap:product-sitemap.xml,product,publish,2026-08-19T18:30:47+00:00,/products/mizuno-t-shirt,301,
https://prosporter.com.au/product/petrol-short-light-female/,sitemap:product-sitemap.xml,product,publish,2026-08-19T18:51:42+00:00,/products/petrol-short-light-female,301,
https://prosporter.com.au/product/val-male-t-shirt/,sitemap:product-sitemap.xml,product,publish,2026-08-19T18:54:58+00:00,/products/val-male-t-shirt,301,
https://prosporter.com.au/product/spikers-turf-t-shirt/,sitemap:product-sitemap.xml,product,publish,2026-08-20T08:47:44+00:00,/products/spikers-turf-t-shirt,301,
https://prosporter.com.au/product/provolley-training-t-shirt/,sitemap:product-sitemap.xml,product,publish,2026-08-21T01:43:16+00:00,/products/provolley-training-t-shirt,301,
https://prosporter.com.au/product/mv-jackets/,sitemap:product-sitemap.xml,product,publish,2026-08-21T06:23:58+00:00,/products/mv-jackets,301,
https://prosporter.com.au/product/ebayte-unisex/,sitemap:product-sitemap.xml,product,publish,2026-08-21T06:57:52+00:00,/products/ebayte-unisex,301,
https://prosporter.com.au/product/innerwest-volley-brione-jacket/,sitemap:product-sitemap.xml,product,publish,2026-08-21T08:44:14+00:00,/products/innerwest-volley-brione-jacket,301,
https://prosporter.com.au/product/innerwest-volley-brione-pants-trousers/,sitemap:product-sitemap.xml,product,publish,2026-08-21T08:48:04+00:00,/products/innerwest-volley-brione-pants-trousers,301,
https://prosporter.com.au/product/kdu-shirt/,sitemap:product-sitemap.xml,product,publish,2026-08-21T08:51:27+00:00,/products/kdu-shirt,301,
https://prosporter.com.au/product/inner-west-jersey/,sitemap:product-sitemap.xml,product,publish,2026-08-21T08:53:10+00:00,/products/inner-west-jersey,301,
https://prosporter.com.au/product/provolley-jersey/,sitemap:product-sitemap.xml,product,publish,2026-08-21T08:55:19+00:00,/products/provolley-jersey,301,
https://prosporter.com.au/product/modena-jersey/,sitemap:product-sitemap.xml,product,publish,2026-08-21T08:57:04+00:00,/products/modena-jersey,301,
https://prosporter.com.au/product/provolley-womens-jersey/,sitemap:product-sitemap.xml,product,publish,2026-08-21T08:59:11+00:00,/products/provolley-womens-jersey,301,
https://prosporter.com.au/product/sette-shirt/,sitemap:product-sitemap.xml,product,publish,2026-08-21T09:01:08+00:00,/products/sette-shirt,301,
https://prosporter.com.au/product/tennessee-shirt/,sitemap:product-sitemap.xml,product,publish,2026-08-21T09:02:47+00:00,/products/tennessee-shirt,301,
https://prosporter.com.au/product/isol-casa-black/,sitemap:product-sitemap.xml,product,publish,2026-08-21T09:03:59+00:00,/products/isol-casa-black,301,
https://prosporter.com.au/product/pallavalo-shirt/,sitemap:product-sitemap.xml,product,publish,2026-08-21T09:06:56+00:00,/products/pallavalo-shirt,301,
https://prosporter.com.au/product/macron-shirt-kids/,sitemap:product-sitemap.xml,product,publish,2026-08-21T09:08:55+00:00,/products/macron-shirt-kids,301,
https://prosporter.com.au/product/mcos-nsw-short/,sitemap:product-sitemap.xml,product,publish,2026-08-21T09:11:53+00:00,/products/mcos-nsw-short,301,
https://prosporter.com.au/product/jump-spin-socks-1-pairs-pack/,sitemap:product-sitemap.xml,product,publish,2026-08-23T13:03:53+00:00,/products/jump-spin-socks-1-pairs-pack,301,
https://prosporter.com.au/product/provolley-womens-volleyball-jersey-sydney-australia/,sitemap:product-sitemap.xml,product,publish,2026-08-23T13:57:12+00:00,/products/provolley-womens-volleyball-jersey-sydney-australia,301,
https://prosporter.com.au/product/provolley-mens-volleyball-jersey-sydney/,sitemap:product-sitemap.xml,product,publish,2026-08-23T14:05:16+00:00,/products/provolley-mens-volleyball-jersey-sydney,301,
https://prosporter.com.au/product/premier-provolley-shorts-2026-27/,sitemap:product-sitemap.xml,product,publish,2026-08-23T14:19:37+00:00,/products/premier-provolley-shorts-2026-27,301,
https://prosporter.com.au/product/provolley-socks-1-pair/,sitemap:product-sitemap.xml,product,publish,2026-08-23T14:20:03+00:00,/products/provolley-socks-1-pair,301,
https://prosporter.com.au/product/provolley-brione-full-zip-tracksuit-navy/,sitemap:product-sitemap.xml,product,publish,2026-08-23T14:29:34+00:00,/products/provolley-brione-full-zip-tracksuit-navy,301,
https://prosporter.com.au/product/provolley-brione-track-pants/,sitemap:product-sitemap.xml,product,publish,2026-08-23T14:29:48+00:00,/products/provolley-brione-track-pants,301,
https://prosporter.com.au/product/inner-west-volley-mens-jersey-black-white/,sitemap:product-sitemap.xml,product,publish,2026-08-23T14:31:40+00:00,/products/inner-west-volley-mens-jersey-black-white,301,
https://prosporter.com.au/product/knee-pads-spike/,sitemap:product-sitemap.xml,product,publish,2026-08-23T14:33:13+00:00,/products/knee-pads-spike,301,
https://prosporter.com.au/product/nine-knee-pads-new-shield/,sitemap:product-sitemap.xml,product,publish,2026-08-23T14:33:26+00:00,/products/nine-knee-pads-new-shield,301,
https://prosporter.com.au/product/knee-pads-sleek/,sitemap:product-sitemap.xml,product,publish,2026-08-23T14:33:40+00:00,/products/knee-pads-sleek,301,
https://prosporter.com.au/product/arm-sleeves-net/,sitemap:product-sitemap.xml,product,publish,2026-08-23T14:34:38+00:00,/products/arm-sleeves-net,301,
https://prosporter.com.au/product/arm-sleeves/,sitemap:product-sitemap.xml,product,publish,2026-08-23T14:34:52+00:00,/products/arm-sleeves,301,
https://prosporter.com.au/product/ace-unisex/,sitemap:product-sitemap.xml,product,publish,2026-08-23T14:35:04+00:00,/products/ace-unisex,301,
https://prosporter.com.au/product/elbow-pads/,sitemap:product-sitemap.xml,product,publish,2026-08-23T14:35:54+00:00,/products/elbow-pads,301,
https://prosporter.com.au/product/inner-west-volley-mens-training-t-shirt/,sitemap:product-sitemap.xml,product,publish,2026-08-23T22:46:30+00:00,/products/inner-west-volley-mens-training-t-shirt,301,
https://prosporter.com.au/product/premier-provolley-jersey-2026-27/,sitemap:product-sitemap.xml,product,publish,2026-08-24T02:51:31+00:00,/products/premier-provolley-jersey-2026-27,301,
https://prosporter.com.au/product/inner-west-volley-womens-training-t-shirt/,sitemap:product-sitemap.xml,product,publish,2026-08-26T06:36:55+00:00,/products/inner-west-volley-womens-training-t-shirt,301,
https://prosporter.com.au/product/provolley-womens-training-t-shirt-nine/,sitemap:product-sitemap.xml,product,publish,2026-08-26T06:40:10+00:00,/products/provolley-womens-training-t-shirt-nine,301,
https://prosporter.com.au/product/provolley-men-old-style-shorts/,sitemap:product-sitemap.xml,product,publish,2026-08-27T01:29:01+00:00,/products/provolley-men-old-style-shorts,301,
https://prosporter.com.au/product/prosporter-ball-cart-trolley-replacement-bag-inner-fabric/,sitemap:product-sitemap.xml,product,publish,2026-08-27T02:20:54+00:00,/products/prosporter-ball-cart-trolley-replacement-bag-inner-fabric,301,
https://prosporter.com.au/product/prosporter-ball-cart-trolley/,sitemap:product-sitemap.xml,product,publish,2026-08-27T02:23:56+00:00,/products/prosporter-ball-cart-trolley,301,
https://prosporter.com.au/product/provolley-winter-hoodie-2024/,sitemap:product-sitemap.xml,product,publish,2026-08-27T06:56:18+00:00,/products/provolley-winter-hoodie-2024,301,
https://prosporter.com.au/product/provolley-womens-polo-2026-27/,sitemap:product-sitemap.xml,product,publish,2026-08-27T07:02:48+00:00,/products/provolley-womens-polo-2026-27,301,
https://prosporter.com.au/product/zero-2-unisex/,sitemap:product-sitemap.xml,product,publish,2026-08-27T07:20:56+00:00,/products/zero-2-unisex,301,
https://prosporter.com.au/product/inner-west-volley-womens-old-style/,sitemap:product-sitemap.xml,product,publish,2026-08-27T23:08:44+00:00,/products/inner-west-volley-womens-old-style,301,
https://prosporter.com.au/product/provolley-men-training-t-shirt-navy/,sitemap:product-sitemap.xml,product,publish,2026-09-01T01:18:05+00:00,/products/provolley-men-training-t-shirt-navy,301,
https://prosporter.com.au/product/provolley-menss-polo-2026-27-nine-teamwear/,sitemap:product-sitemap.xml,product,publish,2026-09-01T01:18:05+00:00,/products/provolley-menss-polo-2026-27-nine-teamwear,301,
https://prosporter.com.au/product/center-unisex/,sitemap:product-sitemap.xml,product,publish,2026-09-01T01:18:06+00:00,/products/center-unisex,301,
https://prosporter.com.au/product/nine-jump-socks-1-pair-pack/,sitemap:product-sitemap.xml,product,publish,2026-09-01T01:18:06+00:00,/products/nine-jump-socks-1-pair-pack,301,
https://prosporter.com.au/product/provolley-team-sweater-nine-unisex/,sitemap:product-sitemap.xml,product,publish,2026-09-01T01:18:06+00:00,/products/provolley-team-sweater-nine-unisex,301,
https://prosporter.com.au/product/provolley-winter-pants-teamwear-2024/,sitemap:product-sitemap.xml,product,publish,2026-09-01T01:18:07+00:00,/products/provolley-winter-pants-teamwear-2024,301,
https://prosporter.com.au/product/provolley-brione-full-zip-track-jacket/,sitemap:product-sitemap.xml,product,publish,2026-09-01T01:18:07+00:00,/products/provolley-brione-full-zip-track-jacket,301,
https://prosporter.com.au/order-received/thank-you/,sitemap:xlwcty_thankyou-sitemap.xml,xlwcty_thankyou,publish,2024-02-09T18:27:23+00:00,,,
https://prosporter.com.au/category/blog/,sitemap:category-sitemap.xml,category,publish,2024-01-18T23:03:24+00:00,,,
https://prosporter.com.au/category/conditioner/,sitemap:category-sitemap.xml,category,publish,2019-12-17T14:19:50+00:00,,,
https://prosporter.com.au/category/gel/,sitemap:category-sitemap.xml,category,publish,2019-12-17T14:21:18+00:00,,,
https://prosporter.com.au/category/moisturizers/,sitemap:category-sitemap.xml,category,publish,2019-12-17T14:21:18+00:00,,,
https://prosporter.com.au/category/shaving/,sitemap:category-sitemap.xml,category,publish,2019-12-17T14:22:29+00:00,,,
https://prosporter.com.au/category/waxes/,sitemap:category-sitemap.xml,category,publish,2019-12-17T14:22:29+00:00,,,
https://prosporter.com.au/tag/acrylic/,sitemap:post_tag-sitemap.xml,post_tag,publish,2019-12-17T14:22:29+00:00,,,
https://prosporter.com.au/tag/depilation/,sitemap:post_tag-sitemap.xml,post_tag,publish,2019-12-17T14:22:29+00:00,,,
https://prosporter.com.au/tag/kits/,sitemap:post_tag-sitemap.xml,post_tag,publish,2019-12-17T14:22:29+00:00,,,
https://prosporter.com.au/tag/nail/,sitemap:post_tag-sitemap.xml,post_tag,publish,2019-12-17T14:22:29+00:00,,,
https://prosporter.com.au/tag/paste/,sitemap:post_tag-sitemap.xml,post_tag,publish,2019-12-17T14:22:29+00:00,,,
https://prosporter.com.au/tag/polish/,sitemap:post_tag-sitemap.xml,post_tag,publish,2019-12-17T14:22:29+00:00,,,
https://prosporter.com.au/tag/preparations/,sitemap:post_tag-sitemap.xml,post_tag,publish,2019-12-17T14:22:29+00:00,,,
https://prosporter.com.au/tag/shades/,sitemap:post_tag-sitemap.xml,post_tag,publish,2019-12-17T14:22:29+00:00,,,
https://prosporter.com.au/tag/system/,sitemap:post_tag-sitemap.xml,post_tag,publish,2019-12-17T14:22:29+00:00,,,
https://prosporter.com.au/carousels-category/home/,sitemap:carousels_category-sitemap.xml,carousels_category,publish,2024-01-20T23:43:27+00:00,,,
https://prosporter.com.au/brand/ninesquared/,sitemap:product_brand-sitemap.xml,product_brand,publish,2026-09-01T01:18:06+00:00,,,
https://prosporter.com.au/product-category/sleeves/,sitemap:product_cat-sitemap.xml,product_cat,publish,2026-09-01T01:18:07+00:00,/shop/…  (per approved collection mapping),301,
https://prosporter.com.au/product-category/backpacks-bags/,sitemap:product_cat-sitemap.xml,product_cat,publish,2026-06-17T07:12:39+00:00,/shop/…  (per approved collection mapping),301,
https://prosporter.com.au/product-category/ball-cart-trolley/,sitemap:product_cat-sitemap.xml,product_cat,publish,2026-08-27T02:23:56+00:00,/shop/…  (per approved collection mapping),301,
https://prosporter.com.au/product-category/beach-volleyball/,sitemap:product_cat-sitemap.xml,product_cat,publish,,/shop/…  (per approved collection mapping),301,
https://prosporter.com.au/product-category/beach-volleyball/bikini-bottoms/,sitemap:product_cat-sitemap.xml,product_cat,publish,2025-11-06T23:39:05+00:00,/shop/…  (per approved collection mapping),301,
https://prosporter.com.au/product-category/coaching/,sitemap:product_cat-sitemap.xml,product_cat,publish,2026-09-01T01:18:05+00:00,/shop/…  (per approved collection mapping),301,
https://prosporter.com.au/product-category/elbow-pads/,sitemap:product_cat-sitemap.xml,product_cat,publish,2026-08-23T14:35:54+00:00,/shop/…  (per approved collection mapping),301,
https://prosporter.com.au/product-category/hoodies/,sitemap:product_cat-sitemap.xml,product_cat,publish,2026-08-27T06:56:18+00:00,/shop/…  (per approved collection mapping),301,
https://prosporter.com.au/product-category/jackets/,sitemap:product_cat-sitemap.xml,product_cat,publish,2026-08-23T14:29:34+00:00,/shop/…  (per approved collection mapping),301,
https://prosporter.com.au/product-category/jerseys/,sitemap:product_cat-sitemap.xml,product_cat,publish,2026-08-24T02:51:31+00:00,/shop/…  (per approved collection mapping),301,
https://prosporter.com.au/product-category/kneepads/,sitemap:product_cat-sitemap.xml,product_cat,publish,2026-08-23T14:33:40+00:00,/shop/…  (per approved collection mapping),301,
https://prosporter.com.au/product-category/pants/,sitemap:product_cat-sitemap.xml,product_cat,publish,2026-09-01T01:18:07+00:00,/shop/…  (per approved collection mapping),301,
https://prosporter.com.au/product-category/polo-shirts/,sitemap:product_cat-sitemap.xml,product_cat,publish,2026-09-01T01:18:05+00:00,/shop/…  (per approved collection mapping),301,
https://prosporter.com.au/product-category/teamwear/provolley-academy/,sitemap:product_cat-sitemap.xml,product_cat,publish,2026-09-01T01:18:06+00:00,/shop/…  (per approved collection mapping),301,
https://prosporter.com.au/product-category/rain-jacket/,sitemap:product_cat-sitemap.xml,product_cat,publish,2025-11-01T18:34:48+00:00,/shop/…  (per approved collection mapping),301,
https://prosporter.com.au/product-category/shorts/,sitemap:product_cat-sitemap.xml,product_cat,publish,2026-09-01T01:18:06+00:00,/shop/…  (per approved collection mapping),301,
https://prosporter.com.au/product-category/beach-volleyball/singlets/,sitemap:product_cat-sitemap.xml,product_cat,publish,2026-02-18T13:57:18+00:00,/shop/…  (per approved collection mapping),301,
https://prosporter.com.au/product-category/socks/,sitemap:product_cat-sitemap.xml,product_cat,publish,2026-09-01T01:18:06+00:00,/shop/…  (per approved collection mapping),301,
https://prosporter.com.au/product-category/sweat-suit/,sitemap:product_cat-sitemap.xml,product_cat,publish,2026-08-23T14:29:34+00:00,/shop/…  (per approved collection mapping),301,
https://prosporter.com.au/product-category/sweater/,sitemap:product_cat-sitemap.xml,product_cat,publish,2026-09-01T01:18:06+00:00,/shop/…  (per approved collection mapping),301,
https://prosporter.com.au/product-category/t-shirts/,sitemap:product_cat-sitemap.xml,product_cat,publish,2026-09-01T01:18:05+00:00,/shop/…  (per approved collection mapping),301,
https://prosporter.com.au/product-category/teamwear/,sitemap:product_cat-sitemap.xml,product_cat,publish,2026-09-01T01:18:07+00:00,/shop/…  (per approved collection mapping),301,
https://prosporter.com.au/product-category/beach-volleyball/top-crop/,sitemap:product_cat-sitemap.xml,product_cat,publish,2025-08-12T12:51:40+00:00,/shop/…  (per approved collection mapping),301,
https://prosporter.com.au/product-category/women/,sitemap:product_cat-sitemap.xml,product_cat,publish,2026-09-01T01:18:05+00:00,/shop/…  (per approved collection mapping),301,
https://prosporter.com.au/product-tag/auckland/,sitemap:product_tag-sitemap.xml,product_tag,publish,2026-08-24T02:51:31+00:00,,,
https://prosporter.com.au/product-tag/australia/,sitemap:product_tag-sitemap.xml,product_tag,publish,2026-08-24T02:51:31+00:00,,,
https://prosporter.com.au/product-tag/beach/,sitemap:product_tag-sitemap.xml,product_tag,publish,2025-08-12T12:51:32+00:00,,,
https://prosporter.com.au/product-tag/brisbane/,sitemap:product_tag-sitemap.xml,product_tag,publish,2026-08-24T02:51:31+00:00,,,
https://prosporter.com.au/product-tag/custom-made-jersey/,sitemap:product_tag-sitemap.xml,product_tag,publish,2026-08-24T02:51:31+00:00,,,
https://prosporter.com.au/product-tag/custom-volleyball-jersey/,sitemap:product_tag-sitemap.xml,product_tag,publish,2026-08-24T02:51:31+00:00,,,
https://prosporter.com.au/product-tag/homepage/,sitemap:product_tag-sitemap.xml,product_tag,publish,2026-09-01T01:18:07+00:00,,,
https://prosporter.com.au/product-tag/inner-west-volley/,sitemap:product_tag-sitemap.xml,product_tag,publish,2026-08-26T06:36:55+00:00,,,
https://prosporter.com.au/product-tag/melbourne/,sitemap:product_tag-sitemap.xml,product_tag,publish,2026-08-24T02:51:31+00:00,,,
https://prosporter.com.au/product-tag/men-volleyball-jersey/,sitemap:product_tag-sitemap.xml,product_tag,publish,2026-08-23T14:31:40+00:00,,,
https://prosporter.com.au/product-tag/mens-volleyball-jersey/,sitemap:product_tag-sitemap.xml,product_tag,publish,2026-08-23T14:05:16+00:00,,,
https://prosporter.com.au/product-tag/mens-volleyball-uniform/,sitemap:product_tag-sitemap.xml,product_tag,publish,2026-08-23T14:31:40+00:00,,,
https://prosporter.com.au/product-tag/new-zealand/,sitemap:product_tag-sitemap.xml,product_tag,publish,2026-08-24T02:51:31+00:00,,,
https://prosporter.com.au/product-tag/nine-australia/,sitemap:product_tag-sitemap.xml,product_tag,publish,2026-09-01T01:18:06+00:00,,,
https://prosporter.com.au/product-tag/nine-volleyball-apparel/,sitemap:product_tag-sitemap.xml,product_tag,publish,2026-09-01T01:18:05+00:00,,,
https://prosporter.com.au/product-tag/ninesquared/,sitemap:product_tag-sitemap.xml,product_tag,publish,2026-08-24T02:51:31+00:00,,,
https://prosporter.com.au/product-tag/ninesquared-polo/,sitemap:product_tag-sitemap.xml,product_tag,publish,2026-09-01T01:18:05+00:00,,,
https://prosporter.com.au/product-tag/ninesquared-sweater/,sitemap:product_tag-sitemap.xml,product_tag,publish,2026-09-01T01:18:06+00:00,,,
https://prosporter.com.au/product-tag/nsw-volleyball/,sitemap:product_tag-sitemap.xml,product_tag,publish,2026-09-01T01:18:05+00:00,,,
https://prosporter.com.au/product-tag/perth/,sitemap:product_tag-sitemap.xml,product_tag,publish,2026-08-24T02:51:31+00:00,,,
https://prosporter.com.au/product-tag/prosporter/,sitemap:product_tag-sitemap.xml,product_tag,publish,2026-09-01T01:18:06+00:00,,,
https://prosporter.com.au/product-tag/provolley/,sitemap:product_tag-sitemap.xml,product_tag,publish,2026-08-24T02:51:31+00:00,,,
https://prosporter.com.au/product-tag/provolley-polo/,sitemap:product_tag-sitemap.xml,product_tag,publish,2026-09-01T01:18:05+00:00,,,
https://prosporter.com.au/product-tag/provolley-sweater/,sitemap:product_tag-sitemap.xml,product_tag,publish,2026-09-01T01:18:06+00:00,,,
https://prosporter.com.au/product-tag/queensland-volleyball/,sitemap:product_tag-sitemap.xml,product_tag,publish,2026-09-01T01:18:05+00:00,,,
https://prosporter.com.au/product-tag/sette/,sitemap:product_tag-sitemap.xml,product_tag,publish,2026-08-19T14:24:34+00:00,,,
https://prosporter.com.au/product-tag/shorts/,sitemap:product_tag-sitemap.xml,product_tag,publish,2026-08-19T14:24:34+00:00,,,
https://prosporter.com.au/product-tag/socks/,sitemap:product_tag-sitemap.xml,product_tag,publish,2026-08-19T16:02:01+00:00,,,
https://prosporter.com.au/product-tag/south-australia-volleyball/,sitemap:product_tag-sitemap.xml,product_tag,publish,2026-09-01T01:18:05+00:00,,,
https://prosporter.com.au/product-tag/sportswear/,sitemap:product_tag-sitemap.xml,product_tag,publish,2026-08-24T02:51:31+00:00,,,
https://prosporter.com.au/product-tag/svl-jersey/,sitemap:product_tag-sitemap.xml,product_tag,publish,2026-08-23T14:31:40+00:00,,,
https://prosporter.com.au/product-tag/sydney/,sitemap:product_tag-sitemap.xml,product_tag,publish,2026-08-24T02:51:31+00:00,,,
https://prosporter.com.au/product-tag/t-shirt/,sitemap:product_tag-sitemap.xml,product_tag,publish,2026-08-26T06:36:55+00:00,,,
https://prosporter.com.au/product-tag/teamwear/,sitemap:product_tag-sitemap.xml,product_tag,publish,2026-08-24T02:51:31+00:00,,,
https://prosporter.com.au/product-tag/teamwear-australia/,sitemap:product_tag-sitemap.xml,product_tag,publish,2026-09-01T01:18:05+00:00,,,
https://prosporter.com.au/product-tag/teamwear-new-zealand/,sitemap:product_tag-sitemap.xml,product_tag,publish,2026-09-01T01:18:05+00:00,,,
https://prosporter.com.au/product-tag/teamwear-volleyball/,sitemap:product_tag-sitemap.xml,product_tag,publish,2026-06-25T15:16:58+00:00,,,
https://prosporter.com.au/product-tag/unisex-volleyball-jumper/,sitemap:product_tag-sitemap.xml,product_tag,publish,2026-09-01T01:18:06+00:00,,,
https://prosporter.com.au/product-tag/varone/,sitemap:product_tag-sitemap.xml,product_tag,publish,2026-08-26T06:36:55+00:00,,,
https://prosporter.com.au/product-tag/victoria-volleyball/,sitemap:product_tag-sitemap.xml,product_tag,publish,2026-09-01T01:18:05+00:00,,,
https://prosporter.com.au/product-tag/volleyball-adelaide/,sitemap:product_tag-sitemap.xml,product_tag,publish,2026-09-01T01:18:05+00:00,,,
https://prosporter.com.au/product-tag/volleyball-apparel-australia/,sitemap:product_tag-sitemap.xml,product_tag,publish,2026-09-01T01:18:06+00:00,,,
https://prosporter.com.au/product-tag/volleyball-apparel-new-zealand/,sitemap:product_tag-sitemap.xml,product_tag,publish,2026-09-01T01:18:06+00:00,,,
https://prosporter.com.au/product-tag/volleyball-auckland/,sitemap:product_tag-sitemap.xml,product_tag,publish,2026-09-01T01:18:05+00:00,,,
https://prosporter.com.au/product-tag/volleyball-australia/,sitemap:product_tag-sitemap.xml,product_tag,publish,2026-08-24T02:51:31+00:00,,,
https://prosporter.com.au/product-tag/volleyball-brisbane/,sitemap:product_tag-sitemap.xml,product_tag,publish,2026-09-01T01:18:05+00:00,,,
https://prosporter.com.au/product-tag/volleyball-clothing-brisbane/,sitemap:product_tag-sitemap.xml,product_tag,publish,2026-09-01T01:18:06+00:00,,,
https://prosporter.com.au/product-tag/volleyball-clothing-melbourne/,sitemap:product_tag-sitemap.xml,product_tag,publish,2026-09-01T01:18:06+00:00,,,
https://prosporter.com.au/product-tag/volleyball-clothing-perth/,sitemap:product_tag-sitemap.xml,product_tag,publish,2026-09-01T01:18:06+00:00,,,
https://prosporter.com.au/product-tag/volleyball-clothing-sydney/,sitemap:product_tag-sitemap.xml,product_tag,publish,2026-09-01T01:18:06+00:00,,,
https://prosporter.com.au/product-tag/volleyball-jersey/,sitemap:product_tag-sitemap.xml,product_tag,publish,2026-08-24T02:51:31+00:00,,,
https://prosporter.com.au/product-tag/volleyball-jersey-australia/,sitemap:product_tag-sitemap.xml,product_tag,publish,2026-08-23T14:05:16+00:00,,,
https://prosporter.com.au/product-tag/volleyball-jersey-new-zealand/,sitemap:product_tag-sitemap.xml,product_tag,publish,2026-08-23T14:05:16+00:00,,,
https://prosporter.com.au/product-tag/volleyball-jersey-sydney/,sitemap:product_tag-sitemap.xml,product_tag,publish,2026-08-23T14:31:40+00:00,,,
https://prosporter.com.au/product-tag/volleyball-jumper-australia/,sitemap:product_tag-sitemap.xml,product_tag,publish,2026-09-01T01:18:06+00:00,,,
https://prosporter.com.au/product-tag/volleyball-melbourne/,sitemap:product_tag-sitemap.xml,product_tag,publish,2026-09-01T01:18:05+00:00,,,
https://prosporter.com.au/product-tag/volleyball-perth/,sitemap:product_tag-sitemap.xml,product_tag,publish,2026-09-01T01:18:05+00:00,,,
https://prosporter.com.au/product-tag/volleyball-polo-australia/,sitemap:product_tag-sitemap.xml,product_tag,publish,2026-09-01T01:18:05+00:00,,,
https://prosporter.com.au/product-tag/volleyball-polo-new-zealand/,sitemap:product_tag-sitemap.xml,product_tag,publish,2026-09-01T01:18:05+00:00,,,
https://prosporter.com.au/product-tag/volleyball-sweater-australia/,sitemap:product_tag-sitemap.xml,product_tag,publish,2026-09-01T01:18:06+00:00,,,
https://prosporter.com.au/product-tag/volleyball-sydney/,sitemap:product_tag-sitemap.xml,product_tag,publish,2026-09-01T01:18:05+00:00,,,
https://prosporter.com.au/product-tag/volleyball-teamwear/,sitemap:product_tag-sitemap.xml,product_tag,publish,2026-09-01T01:18:06+00:00,,,
https://prosporter.com.au/product-tag/volleyball-training-sweater/,sitemap:product_tag-sitemap.xml,product_tag,publish,2026-09-01T01:18:06+00:00,,,
https://prosporter.com.au/product-tag/volleyball-uniform/,sitemap:product_tag-sitemap.xml,product_tag,publish,2026-09-01T01:18:05+00:00,,,
https://prosporter.com.au/product-tag/volleyball-uniform-australia/,sitemap:product_tag-sitemap.xml,product_tag,publish,2026-08-23T14:31:40+00:00,,,
https://prosporter.com.au/product-tag/western-australia-volleyball/,sitemap:product_tag-sitemap.xml,product_tag,publish,2026-09-01T01:18:05+00:00,,,
https://prosporter.com.au/product-tag/womens-volleyball-jersey/,sitemap:product_tag-sitemap.xml,product_tag,publish,2026-08-23T13:57:12+00:00,,,
https://prosporter.com.au/product-tag/womens-volleyball-uniform/,sitemap:product_tag-sitemap.xml,product_tag,publish,2026-08-23T13:57:12+00:00,,,
https://prosporter.com.au/author/prosporter-com-au/,sitemap:author-sitemap.xml,author,publish,2026-03-24T05:40:54+00:00,,,
https://prosporter.com.au/?post_type=product&p=3667,wc:product,product,draft,2025-11-06T23:35:58,/products/provolley-training-t-shirt-zero-2-yellow,301,
https://prosporter.com.au/?post_type=product&p=3593,wc:product,product,draft,2026-01-13T21:47:52,/products/hoodie-pants-winter-2024,301,
https://prosporter.com.au/?post_type=product&p=1655,wc:product,product,draft,2025-08-12T12:50:54,/products/warm-up-unisex,301,
https://prosporter.com.au/?post_type=product&p=1652,wc:product,product,draft,2025-08-12T12:50:54,/products/velo-jacket,301,
https://prosporter.com.au/?post_type=product&p=1650,wc:product,product,draft,2025-08-12T12:50:57,/products/velo-collar-zip,301,
https://prosporter.com.au/?post_type=product&p=1649,wc:product,product,draft,2025-08-12T12:50:55,/products/tre-woman,301,
https://prosporter.com.au/?post_type=product&p=1648,wc:product,product,draft,2025-08-12T12:50:57,/products/tre-man,301,
https://prosporter.com.au/?post_type=product&p=1636,wc:product,product,draft,2024-03-14T14:06:28,/products/sette-woman,301,
https://prosporter.com.au/?post_type=product&p=1635,wc:product,product,draft,2024-04-04T22:03:34,/products/sette-man,301,
https://prosporter.com.au/?post_type=product&p=1634,wc:product,product,draft,2025-08-12T12:50:59,/products/rich-unisex,301,
https://prosporter.com.au/?post_type=product&p=1633,wc:product,product,draft,2025-08-12T12:50:59,/products/quick-unisex,301,
https://prosporter.com.au/?post_type=product&p=1626,wc:product,product,draft,2025-08-12T12:51:03,/products/pipe-2-woman,301,
https://prosporter.com.au/?post_type=product&p=1625,wc:product,product,draft,2025-08-12T12:51:15,/products/pipe-2-man,301,
https://prosporter.com.au/?post_type=product&p=1606,wc:product,product,draft,2025-08-12T12:51:05,/products/deva-unisex,301,
https://prosporter.com.au/?post_type=product&p=1605,wc:product,product,draft,2025-08-12T12:51:05,/products/deck-2,301,
https://prosporter.com.au/?post_type=product&p=1603,wc:product,product,draft,2025-08-12T12:51:11,/products/collar-zip-sub-unisex,301,
https://prosporter.com.au/?post_type=product&p=1602,wc:product,product,draft,2025-08-12T12:51:05,/products/cinque-t-shirt-woman,301,
https://prosporter.com.au/?post_type=product&p=1601,wc:product,product,draft,2025-08-12T12:51:06,/products/cinque-t-shirt-man,301,
https://prosporter.com.au/?post_type=product&p=1582,wc:product,product,draft,2025-08-12T12:51:11,/products/alex-woman,301,
https://prosporter.com.au/?post_type=product&p=1581,wc:product,product,draft,2025-08-12T12:51:11,/products/alex-man,301,
https://prosporter.com.au/?page_id=3276,wp:page,page,draft,2024-05-02T18:29:29,/,keep path (200) or 301,
https://prosporter.com.au/?page_id=2535,wp:page,page,draft,2024-02-27T10:23:19,/,keep path (200) or 301,
https://prosporter.com.au/?page_id=1692,wp:page,page,draft,2024-01-28T17:56:10,/,keep path (200) or 301,
https://prosporter.com.au/my-account/,wp:page,page,publish,2024-01-19T02:00:06,/my-account/,keep path (200) or 301,
https://prosporter.com.au/cart/,wp:page,page,publish,2024-12-03T12:12:28,/cart/,keep path (200) or 301,
https://prosporter.com.au/checkout/,wp:page,page,publish,2025-05-22T09:30:47,/checkout/,keep path (200) or 301,
