source_path,source_type,source_status,outcome,destination,status_code,owner,reason,needs_client_decision,evidence
/author/prosporter-com-au,author_archive,publish,410,,410,nextjs,author archives retired; the storefront blog has a single flat index,false,system URL (WooCommerce/WordPress convention); sitemap:author-sitemap.xml
/blog/feed,feed,publish,410,,410,nextjs,RSS blog page feed retired; the storefront publishes no feeds,false,WordPress feed convention
/category/blog/feed,feed,publish,410,,410,nextjs,RSS post category feed retired; the storefront publishes no feeds,false,WordPress feed convention
/category/conditioner/feed,feed,publish,410,,410,nextjs,RSS post category feed retired; the storefront publishes no feeds,false,WordPress feed convention
/category/gel/feed,feed,publish,410,,410,nextjs,RSS post category feed retired; the storefront publishes no feeds,false,WordPress feed convention
/category/moisturizers/feed,feed,publish,410,,410,nextjs,RSS post category feed retired; the storefront publishes no feeds,false,WordPress feed convention
/category/shaving/feed,feed,publish,410,,410,nextjs,RSS post category feed retired; the storefront publishes no feeds,false,WordPress feed convention
/category/uncategorized/feed,feed,publish,410,,410,nextjs,RSS post category feed retired; the storefront publishes no feeds,false,WordPress feed convention
/category/waxes/feed,feed,publish,410,,410,nextjs,RSS post category feed retired; the storefront publishes no feeds,false,WordPress feed convention
/comments/feed,feed,publish,410,,410,nextjs,RSS site comments feed retired; the storefront publishes no feeds,false,WordPress feed convention
/feed,feed,publish,410,,410,nextjs,RSS site feed retired; the storefront publishes no feeds,false,WordPress feed convention
/shop-sporter/feed,feed,publish,410,,410,nextjs,RSS shop page feed retired; the storefront publishes no feeds,false,WordPress feed convention
/tag/acrylic/feed,feed,publish,410,,410,nextjs,RSS post tag feed retired; the storefront publishes no feeds,false,WordPress feed convention
/tag/depilation/feed,feed,publish,410,,410,nextjs,RSS post tag feed retired; the storefront publishes no feeds,false,WordPress feed convention
/tag/kits/feed,feed,publish,410,,410,nextjs,RSS post tag feed retired; the storefront publishes no feeds,false,WordPress feed convention
/tag/nail/feed,feed,publish,410,,410,nextjs,RSS post tag feed retired; the storefront publishes no feeds,false,WordPress feed convention
/tag/paste/feed,feed,publish,410,,410,nextjs,RSS post tag feed retired; the storefront publishes no feeds,false,WordPress feed convention
/tag/polish/feed,feed,publish,410,,410,nextjs,RSS post tag feed retired; the storefront publishes no feeds,false,WordPress feed convention
/tag/preparations/feed,feed,publish,410,,410,nextjs,RSS post tag feed retired; the storefront publishes no feeds,false,WordPress feed convention
/tag/shades/feed,feed,publish,410,,410,nextjs,RSS post tag feed retired; the storefront publishes no feeds,false,WordPress feed convention
/tag/system/feed,feed,publish,410,,410,nextjs,RSS post tag feed retired; the storefront publishes no feeds,false,WordPress feed convention
/?page_id=250,internal_link,publish,301,/contact,308,nextjs,"legacy ?page_id link resolved to the page's canonical path; query-only source needs a `has` query matcher, so it is not in redirects.json",false,internal link x1
/,page,publish,same_url,/,200,nextjs,"home page, path preserved",false,exports/pages.json; sitemap:page-sitemap.xml; menu_items.json; internal link x11
/1687-2,page,publish,client_decision,,,none,untitled duplicate page containing only WooCommerce filter widgets; client to confirm retirement,true,exports/pages.json; sitemap:page-sitemap.xml
/?page_id=1692,page,draft,client_decision,,,none,draft page with no slug and no public path; query-only legacy URL cannot be matched by a path redirect,true,exports/pages.json
/?page_id=2535,page,draft,client_decision,,,none,draft page with no slug and no public path; query-only legacy URL cannot be matched by a path redirect,true,exports/pages.json
/?page_id=3276,page,draft,client_decision,,,none,draft page with no slug and no public path; query-only legacy URL cannot be matched by a path redirect,true,exports/pages.json
/about,page,publish,same_url,/about,200,nextjs,"content page, path preserved",false,exports/pages.json; sitemap:page-sitemap.xml; menu_items.json; internal link x11
/blog,page,publish,same_url,/blog,200,nextjs,"blog index, path preserved",false,"exports/pages.json; sitemap:post-sitemap.xml,product-sitemap.xml; menu_items.json"
/blog-2,page,publish,301,/blog,308,nextjs,duplicate '-2' page -> canonical sibling,false,exports/pages.json; sitemap:page-sitemap.xml
/cancel-request-form,page,publish,410,,410,nextjs,"RMA plugin form; archive only, no Shopify equivalent",false,exports/pages.json; sitemap:page-sitemap.xml
/cart,page,publish,410,,410,shopify,WooCommerce cart retired; the cart is a storefront drawer and checkout is Shopify-hosted (Shopify owns the checkout path),false,exports/pages.json; system URL (WooCommerce/WordPress convention); menu_items.json
/cart-2,page,publish,410,,410,shopify,duplicate of the retired WooCommerce cart page,false,exports/pages.json; sitemap:page-sitemap.xml
/checkout,page,publish,410,,410,shopify,checkout moves to Shopify-hosted checkout (Shopify owns the path),false,exports/pages.json; system URL (WooCommerce/WordPress convention); menu_items.json; internal link x1
/checkout-2,page,publish,410,,410,shopify,duplicate of the retired checkout page,false,exports/pages.json; sitemap:page-sitemap.xml
/collections,page,publish,301,/shop,308,nextjs,thin brand 'collections' page -> Shop All (nearest genuine listing),false,exports/pages.json; sitemap:page-sitemap.xml
/contact,page,publish,same_url,/contact,200,nextjs,"content page, path preserved",false,exports/pages.json; sitemap:page-sitemap.xml; menu_items.json; internal link x11
/exchange-request-form,page,publish,410,,410,nextjs,"RMA plugin form; archive only, no Shopify equivalent",false,exports/pages.json; sitemap:page-sitemap.xml
/faq,page,publish,same_url,/faq,200,nextjs,"content page, path preserved",false,exports/pages.json; sitemap:page-sitemap.xml; menu_items.json; internal link x11
/guest-request-form,page,publish,410,,410,nextjs,"RMA plugin form; archive only, no Shopify equivalent",false,exports/pages.json; sitemap:page-sitemap.xml
/knee-pads,page,publish,301,/shop/accessories,308,nextjs,knee-pad landing page; protective gear folded into Accessories,false,exports/pages.json; sitemap:page-sitemap.xml
/my-account,page,publish,410,,410,shopify,customer accounts move to Shopify-hosted new customer accounts (Shopify owns the path),false,exports/pages.json; system URL (WooCommerce/WordPress convention); menu_items.json
/my-account-2,page,publish,410,,410,shopify,duplicate of the retired my-account page,false,exports/pages.json; sitemap:page-sitemap.xml
/privacy-policy,page,publish,same_url,/privacy-policy,200,nextjs,"policy page, path preserved",false,exports/pages.json; sitemap:page-sitemap.xml; internal link x11
/refund-policy,page,publish,same_url,/refund-policy,200,nextjs,"policy page, path preserved",false,exports/pages.json; sitemap:page-sitemap.xml; internal link x11
/refund-request-form,page,publish,410,,410,nextjs,"RMA plugin form; archive only, no Shopify equivalent",false,exports/pages.json; sitemap:page-sitemap.xml
/shop-sporter,page,publish,301,/shop,308,nextjs,legacy WooCommerce shop base -> Shop All,false,exports/pages.json; sitemap:page-sitemap.xml; menu_items.json; internal link x3
/size-guide,page,publish,same_url,/size-guide,200,nextjs,"content page, path preserved",false,exports/pages.json; sitemap:page-sitemap.xml; menu_items.json
/terms-of-service,page,publish,same_url,/terms-of-service,200,nextjs,"policy page, path preserved",false,exports/pages.json; sitemap:page-sitemap.xml; internal link x11
/view-order-msg,page,publish,410,,410,nextjs,empty RMA plugin page,false,exports/pages.json; sitemap:page-sitemap.xml
/wishlist,page,publish,410,,410,nextjs,Wishlist plugin excluded from migration by data evidence (audit README),false,exports/pages.json; sitemap:page-sitemap.xml; system URL (WooCommerce/WordPress convention); sitemap:page-sitemap.xml
/wishlist-2,page,publish,410,,410,nextjs,duplicate of the retired wishlist page,false,exports/pages.json; sitemap:page-sitemap.xml
/109,post,publish,client_decision,,,none,numeric post slug with no title-derived handle; client to approve a clean /blog/<slug> handle or retirement,true,exports/posts.json; sitemap:post-sitemap.xml
/a-guide-to-choosing-the-right-sport-merchant,post,publish,301,/blog/a-guide-to-choosing-the-right-sport-merchant,308,nextjs,post handle preserved under the /blog prefix,false,exports/posts.json; sitemap:post-sitemap.xml
/authentic-brands,post,publish,301,/blog/authentic-brands,308,nextjs,"post handle preserved under the /blog prefix; theme demo content unrelated to ProSporter - recommend retirement, client to confirm",true,exports/posts.json; sitemap:post-sitemap.xml
/choosing-the-right-sport-merchant-for-your-needs,post,publish,301,/blog/choosing-the-right-sport-merchant-for-your-needs,308,nextjs,post handle preserved under the /blog prefix,false,exports/posts.json; sitemap:post-sitemap.xml
/ethical-skin-care,post,publish,301,/blog/ethical-skin-care,308,nextjs,"post handle preserved under the /blog prefix; theme demo content unrelated to ProSporter - recommend retirement, client to confirm",true,exports/posts.json; sitemap:post-sitemap.xml
/everything-about-skin,post,publish,301,/blog/everything-about-skin,308,nextjs,"post handle preserved under the /blog prefix; theme demo content unrelated to ProSporter - recommend retirement, client to confirm",true,exports/posts.json; sitemap:post-sitemap.xml
/growing-categories,post,publish,301,/blog/growing-categories,308,nextjs,"post handle preserved under the /blog prefix; theme demo content unrelated to ProSporter - recommend retirement, client to confirm",true,exports/posts.json; sitemap:post-sitemap.xml
/hair-care-organic,post,publish,301,/blog/hair-care-organic,308,nextjs,"post handle preserved under the /blog prefix; theme demo content unrelated to ProSporter - recommend retirement, client to confirm",true,exports/posts.json; sitemap:post-sitemap.xml
/how-to-choose-the-right-sport-merchant-for-your-business,post,publish,301,/blog/how-to-choose-the-right-sport-merchant-for-your-business,308,nextjs,post handle preserved under the /blog prefix,false,exports/posts.json; sitemap:post-sitemap.xml
/how-to-choose-the-right-sport-merchant-for-your-needs,post,publish,301,/blog/how-to-choose-the-right-sport-merchant-for-your-needs,308,nextjs,post handle preserved under the /blog prefix,false,exports/posts.json; sitemap:post-sitemap.xml
/latest-make-up-trends,post,publish,301,/blog/latest-make-up-trends,308,nextjs,"post handle preserved under the /blog prefix; theme demo content unrelated to ProSporter - recommend retirement, client to confirm",true,exports/posts.json; sitemap:post-sitemap.xml
/led-light-therapy,post,publish,301,/blog/led-light-therapy,308,nextjs,"post handle preserved under the /blog prefix; theme demo content unrelated to ProSporter - recommend retirement, client to confirm",true,exports/posts.json; sitemap:post-sitemap.xml
/superfood-beauty,post,publish,301,/blog/superfood-beauty,308,nextjs,"post handle preserved under the /blog prefix; theme demo content unrelated to ProSporter - recommend retirement, client to confirm",true,exports/posts.json; sitemap:post-sitemap.xml
/the-benefits-of-shopping-at-a-sport-merchant,post,publish,301,/blog/the-benefits-of-shopping-at-a-sport-merchant,308,nextjs,post handle preserved under the /blog prefix,false,exports/posts.json; sitemap:post-sitemap.xml
/the-ultimate-guide-to-choosing-the-right-sport-merchant,post,publish,301,/blog/the-ultimate-guide-to-choosing-the-right-sport-merchant,308,nextjs,post handle preserved under the /blog prefix,false,exports/posts.json; sitemap:post-sitemap.xml
/category/blog,post_category,publish,301,/blog,308,nextjs,the storefront blog has a single flat index; no category archives,false,exports/post_categories.json (count=6); sitemap:category-sitemap.xml
/category/conditioner,post_category,publish,301,/blog,308,nextjs,the storefront blog has a single flat index; no category archives,false,exports/post_categories.json (count=3); sitemap:category-sitemap.xml
/category/gel,post_category,publish,301,/blog,308,nextjs,the storefront blog has a single flat index; no category archives,false,exports/post_categories.json (count=3); sitemap:category-sitemap.xml
/category/moisturizers,post_category,publish,301,/blog,308,nextjs,the storefront blog has a single flat index; no category archives,false,exports/post_categories.json (count=5); sitemap:category-sitemap.xml
/category/shaving,post_category,publish,301,/blog,308,nextjs,the storefront blog has a single flat index; no category archives,false,exports/post_categories.json (count=3); sitemap:category-sitemap.xml
/category/uncategorized,post_category,publish,301,/blog,308,nextjs,the storefront blog has a single flat index; no category archives,false,exports/post_categories.json (count=0)
/category/waxes,post_category,publish,301,/blog,308,nextjs,the storefront blog has a single flat index; no category archives,false,exports/post_categories.json (count=4); sitemap:category-sitemap.xml
/tag/acrylic,post_tag,publish,301,/blog,308,nextjs,the storefront blog has a single flat index; no tag archives,false,exports/post_tags.json (count=9); sitemap:post_tag-sitemap.xml
/tag/depilation,post_tag,publish,301,/blog,308,nextjs,the storefront blog has a single flat index; no tag archives,false,exports/post_tags.json (count=9); sitemap:post_tag-sitemap.xml
/tag/kits,post_tag,publish,301,/blog,308,nextjs,the storefront blog has a single flat index; no tag archives,false,exports/post_tags.json (count=9); sitemap:post_tag-sitemap.xml
/tag/nail,post_tag,publish,301,/blog,308,nextjs,the storefront blog has a single flat index; no tag archives,false,exports/post_tags.json (count=9); sitemap:post_tag-sitemap.xml
/tag/paste,post_tag,publish,301,/blog,308,nextjs,the storefront blog has a single flat index; no tag archives,false,exports/post_tags.json (count=9); sitemap:post_tag-sitemap.xml
/tag/polish,post_tag,publish,301,/blog,308,nextjs,the storefront blog has a single flat index; no tag archives,false,exports/post_tags.json (count=9); sitemap:post_tag-sitemap.xml
/tag/preparations,post_tag,publish,301,/blog,308,nextjs,the storefront blog has a single flat index; no tag archives,false,exports/post_tags.json (count=9); sitemap:post_tag-sitemap.xml
/tag/shades,post_tag,publish,301,/blog,308,nextjs,the storefront blog has a single flat index; no tag archives,false,exports/post_tags.json (count=9); sitemap:post_tag-sitemap.xml
/tag/system,post_tag,publish,301,/blog,308,nextjs,the storefront blog has a single flat index; no tag archives,false,exports/post_tags.json (count=9); sitemap:post_tag-sitemap.xml
/product/ace-unisex,product,publish,same_url,/product/ace-unisex,200,nextjs,product handle is clean and preserved 1:1 on /product/<slug>,false,exports/products.json; sitemap:product-sitemap.xml
/product/alex-man,product,draft,client_decision,,,none,draft product has no public legacy URL; client to confirm whether it is published on Shopify (then same path) or retired,true,exports/products.json; no public permalink (?post_type=product&p=1581)
/product/alex-woman,product,draft,client_decision,,,none,draft product has no public legacy URL; client to confirm whether it is published on Shopify (then same path) or retired,true,exports/products.json; no public permalink (?post_type=product&p=1582)
/product/arm-sleeves,product,publish,same_url,/product/arm-sleeves,200,nextjs,product handle is clean and preserved 1:1 on /product/<slug>,false,exports/products.json; sitemap:product-sitemap.xml
/product/arm-sleeves-net,product,publish,same_url,/product/arm-sleeves-net,200,nextjs,product handle is clean and preserved 1:1 on /product/<slug>,false,exports/products.json; sitemap:product-sitemap.xml
/product/baldo-collar-zip,product,publish,same_url,/product/baldo-collar-zip,200,nextjs,product handle is clean and preserved 1:1 on /product/<slug>,false,exports/products.json; sitemap:product-sitemap.xml
/product/baldo-hoodie,product,publish,same_url,/product/baldo-hoodie,200,nextjs,product handle is clean and preserved 1:1 on /product/<slug>,false,exports/products.json; sitemap:product-sitemap.xml
/product/baldo-jacket,product,publish,same_url,/product/baldo-jacket,200,nextjs,product handle is clean and preserved 1:1 on /product/<slug>,false,exports/products.json; sitemap:product-sitemap.xml
/product/baldo-pants,product,publish,same_url,/product/baldo-pants,200,nextjs,product handle is clean and preserved 1:1 on /product/<slug>,false,exports/products.json; sitemap:product-sitemap.xml
/product/beac-volley-bikini-bottoms-women-osaka-river,product,publish,same_url,/product/beac-volley-bikini-bottoms-women-osaka-river,200,nextjs,product handle is clean and preserved 1:1 on /product/<slug>,false,exports/products.json; sitemap:product-sitemap.xml
/product/beach-bikini-bottoms-tijuana-green,product,publish,same_url,/product/beach-bikini-bottoms-tijuana-green,200,nextjs,product handle is clean and preserved 1:1 on /product/<slug>,false,exports/products.json; sitemap:product-sitemap.xml
/product/beach-volley-bikini-bottoms-black,product,publish,same_url,/product/beach-volley-bikini-bottoms-black,200,nextjs,product handle is clean and preserved 1:1 on /product/<slug>,false,exports/products.json; sitemap:product-sitemap.xml
/product/beach-volley-bikini-bottoms-modenavolley,product,publish,same_url,/product/beach-volley-bikini-bottoms-modenavolley,200,nextjs,product handle is clean and preserved 1:1 on /product/<slug>,false,exports/products.json; sitemap:product-sitemap.xml
/product/beach-volley-bikini-bottoms-purple,product,publish,same_url,/product/beach-volley-bikini-bottoms-purple,200,nextjs,product handle is clean and preserved 1:1 on /product/<slug>,false,exports/products.json; sitemap:product-sitemap.xml
/product/beach-volley-bikini-bottoms-tijuana-black,product,publish,same_url,/product/beach-volley-bikini-bottoms-tijuana-black,200,nextjs,product handle is clean and preserved 1:1 on /product/<slug>,false,exports/products.json; sitemap:product-sitemap.xml
/product/beach-volley-bikini-bottoms-white,product,publish,same_url,/product/beach-volley-bikini-bottoms-white,200,nextjs,product handle is clean and preserved 1:1 on /product/<slug>,false,exports/products.json; sitemap:product-sitemap.xml
/product/beach-volley-mens-shorts-modena-volley,product,publish,same_url,/product/beach-volley-mens-shorts-modena-volley,200,nextjs,product handle is clean and preserved 1:1 on /product/<slug>,false,exports/products.json; sitemap:product-sitemap.xml
/product/beach-volley-mens-shorts-osaka-black-orca,product,publish,same_url,/product/beach-volley-mens-shorts-osaka-black-orca,200,nextjs,product handle is clean and preserved 1:1 on /product/<slug>,false,exports/products.json; sitemap:product-sitemap.xml
/product/beach-volley-shorts-ibiza-black,product,publish,same_url,/product/beach-volley-shorts-ibiza-black,200,nextjs,product handle is clean and preserved 1:1 on /product/<slug>,false,exports/products.json; sitemap:product-sitemap.xml
/product/beach-volley-shorts-ibiza-purple,product,publish,same_url,/product/beach-volley-shorts-ibiza-purple,200,nextjs,product handle is clean and preserved 1:1 on /product/<slug>,false,exports/products.json; sitemap:product-sitemap.xml
/product/beach-volley-shorts-ibiza-white,product,publish,same_url,/product/beach-volley-shorts-ibiza-white,200,nextjs,product handle is clean and preserved 1:1 on /product/<slug>,false,exports/products.json; sitemap:product-sitemap.xml
/product/beach-volley-shorts-osaka-man,product,publish,same_url,/product/beach-volley-shorts-osaka-man,200,nextjs,product handle is clean and preserved 1:1 on /product/<slug>,false,exports/products.json; sitemap:product-sitemap.xml
/product/beach-volley-shorts-tijuana-green,product,publish,same_url,/product/beach-volley-shorts-tijuana-green,200,nextjs,product handle is clean and preserved 1:1 on /product/<slug>,false,exports/products.json; sitemap:product-sitemap.xml
/product/beach-volley-shorts-tijuana-man-black,product,publish,same_url,/product/beach-volley-shorts-tijuana-man-black,200,nextjs,product handle is clean and preserved 1:1 on /product/<slug>,false,exports/products.json; sitemap:product-sitemap.xml
/product/beach-volley-singlet-ibiza-purple,product,publish,same_url,/product/beach-volley-singlet-ibiza-purple,200,nextjs,product handle is clean and preserved 1:1 on /product/<slug>,false,exports/products.json; sitemap:product-sitemap.xml
/product/beach-volley-singlet-ibiza-white,product,publish,same_url,/product/beach-volley-singlet-ibiza-white,200,nextjs,product handle is clean and preserved 1:1 on /product/<slug>,false,exports/products.json; sitemap:product-sitemap.xml
/product/beach-volley-singlet-osaka-ocean,product,publish,same_url,/product/beach-volley-singlet-osaka-ocean,200,nextjs,product handle is clean and preserved 1:1 on /product/<slug>,false,exports/products.json; sitemap:product-sitemap.xml
/product/beach-volley-singlet-tijuana-yellow,product,publish,same_url,/product/beach-volley-singlet-tijuana-yellow,200,nextjs,product handle is clean and preserved 1:1 on /product/<slug>,false,exports/products.json; sitemap:product-sitemap.xml
/product/beach-volley-womens-shorts-ibiza,product,publish,same_url,/product/beach-volley-womens-shorts-ibiza,200,nextjs,product handle is clean and preserved 1:1 on /product/<slug>,false,exports/products.json; sitemap:product-sitemap.xml
/product/beach-volley-womens-shorts-ibiza-purple,product,publish,same_url,/product/beach-volley-womens-shorts-ibiza-purple,200,nextjs,product handle is clean and preserved 1:1 on /product/<slug>,false,exports/products.json; sitemap:product-sitemap.xml
/product/beach-volley-womens-shorts-modena-volley,product,publish,same_url,/product/beach-volley-womens-shorts-modena-volley,200,nextjs,product handle is clean and preserved 1:1 on /product/<slug>,false,exports/products.json; sitemap:product-sitemap.xml
/product/beach-volley-womens-shorts-tijuana-black,product,publish,same_url,/product/beach-volley-womens-shorts-tijuana-black,200,nextjs,product handle is clean and preserved 1:1 on /product/<slug>,false,exports/products.json; sitemap:product-sitemap.xml
/product/beach-volleyball-crop-top-ibiza-black,product,publish,same_url,/product/beach-volleyball-crop-top-ibiza-black,200,nextjs,product handle is clean and preserved 1:1 on /product/<slug>,false,exports/products.json; sitemap:product-sitemap.xml
/product/beach-volleyball-crop-top-ibiza-purple,product,publish,same_url,/product/beach-volleyball-crop-top-ibiza-purple,200,nextjs,product handle is clean and preserved 1:1 on /product/<slug>,false,exports/products.json; sitemap:product-sitemap.xml
/product/beach-volleyball-crop-top-ibiza-white,product,publish,same_url,/product/beach-volleyball-crop-top-ibiza-white,200,nextjs,product handle is clean and preserved 1:1 on /product/<slug>,false,exports/products.json; sitemap:product-sitemap.xml
/product/beach-volleyball-crop-top-modena-volley,product,publish,same_url,/product/beach-volleyball-crop-top-modena-volley,200,nextjs,product handle is clean and preserved 1:1 on /product/<slug>,false,exports/products.json; sitemap:product-sitemap.xml
/product/beach-volleyball-crop-top-osaka-ocean,product,publish,same_url,/product/beach-volleyball-crop-top-osaka-ocean,200,nextjs,product handle is clean and preserved 1:1 on /product/<slug>,false,exports/products.json; sitemap:product-sitemap.xml
/product/beach-volleyball-crop-top-osaka-river,product,publish,same_url,/product/beach-volleyball-crop-top-osaka-river,200,nextjs,product handle is clean and preserved 1:1 on /product/<slug>,false,exports/products.json; sitemap:product-sitemap.xml
/product/beach-volleyball-crop-top-tijuana-green,product,publish,same_url,/product/beach-volleyball-crop-top-tijuana-green,200,nextjs,product handle is clean and preserved 1:1 on /product/<slug>,false,exports/products.json; sitemap:product-sitemap.xml
/product/beach-volleyball-crop-top-tijuana-yeallow,product,publish,same_url,/product/beach-volleyball-crop-top-tijuana-yeallow,200,nextjs,product handle is clean and preserved 1:1 on /product/<slug>,false,exports/products.json; sitemap:product-sitemap.xml
/product/calle-2,product,publish,client_decision,,,none,dirty '-2' handle with no canonical sibling; client to approve a clean Shopify handle (then the legacy path 301s to it),true,exports/products.json; sitemap:product-sitemap.xml
/product/carrum-mens-shorts-black-and-yellow,product,publish,same_url,/product/carrum-mens-shorts-black-and-yellow,200,nextjs,product handle is clean and preserved 1:1 on /product/<slug>,false,exports/products.json; sitemap:product-sitemap.xml
/product/carrum-mens-t-shirt,product,publish,same_url,/product/carrum-mens-t-shirt,200,nextjs,product handle is clean and preserved 1:1 on /product/<slug>,false,exports/products.json; sitemap:product-sitemap.xml
/product/carrum-womens-jersey-black-and-yellow,product,publish,same_url,/product/carrum-womens-jersey-black-and-yellow,200,nextjs,product handle is clean and preserved 1:1 on /product/<slug>,false,exports/products.json; sitemap:product-sitemap.xml
/product/carrum-womens-shorts-black-and-yellow,product,publish,same_url,/product/carrum-womens-shorts-black-and-yellow,200,nextjs,product handle is clean and preserved 1:1 on /product/<slug>,false,exports/products.json; sitemap:product-sitemap.xml
/product/center-unisex,product,publish,same_url,/product/center-unisex,200,nextjs,product handle is clean and preserved 1:1 on /product/<slug>,false,exports/products.json; sitemap:product-sitemap.xml
/product/cinque-t-shirt-man,product,draft,client_decision,,,none,draft product has no public legacy URL; client to confirm whether it is published on Shopify (then same path) or retired,true,exports/products.json; no public permalink (?post_type=product&p=1601)
/product/cinque-t-shirt-woman,product,draft,client_decision,,,none,draft product has no public legacy URL; client to confirm whether it is published on Shopify (then same path) or retired,true,exports/products.json; no public permalink (?post_type=product&p=1602)
/product/coaching-board,product,publish,same_url,/product/coaching-board,200,nextjs,product handle is clean and preserved 1:1 on /product/<slug>,false,exports/products.json; sitemap:product-sitemap.xml
/product/collar-zip-sub-unisex,product,draft,client_decision,,,none,draft product has no public legacy URL; client to confirm whether it is published on Shopify (then same path) or retired,true,exports/products.json; no public permalink (?post_type=product&p=1603)
/product/deck-2,product,draft,client_decision,,,none,draft product has no public legacy URL; client to confirm whether it is published on Shopify (then same path) or retired,true,exports/products.json; no public permalink (?post_type=product&p=1605)
/product/deva-unisex,product,draft,client_decision,,,none,draft product has no public legacy URL; client to confirm whether it is published on Shopify (then same path) or retired,true,exports/products.json; no public permalink (?post_type=product&p=1606)
/product/ebayte-unisex,product,publish,same_url,/product/ebayte-unisex,200,nextjs,product handle is clean and preserved 1:1 on /product/<slug>,false,exports/products.json; sitemap:product-sitemap.xml; internal link x3
/product/elbow-pads,product,publish,same_url,/product/elbow-pads,200,nextjs,product handle is clean and preserved 1:1 on /product/<slug>,false,exports/products.json; sitemap:product-sitemap.xml
/product/fast-3-woman,product,publish,same_url,/product/fast-3-woman,200,nextjs,product handle is clean and preserved 1:1 on /product/<slug>,false,exports/products.json; sitemap:product-sitemap.xml
/product/hoodie-pants-winter-2024,product,draft,client_decision,,,none,draft product has no public legacy URL; client to confirm whether it is published on Shopify (then same path) or retired,true,exports/products.json; no public permalink (?post_type=product&p=3593)
/product/inner-west-jersey,product,publish,same_url,/product/inner-west-jersey,200,nextjs,product handle is clean and preserved 1:1 on /product/<slug>,false,exports/products.json; sitemap:product-sitemap.xml; internal link x3
/product/inner-west-volley-female-polo-shirt,product,publish,same_url,/product/inner-west-volley-female-polo-shirt,200,nextjs,product handle is clean and preserved 1:1 on /product/<slug>,false,exports/products.json; sitemap:product-sitemap.xml
/product/inner-west-volley-men-shorts-black-white,product,publish,same_url,/product/inner-west-volley-men-shorts-black-white,200,nextjs,product handle is clean and preserved 1:1 on /product/<slug>,false,exports/products.json; sitemap:product-sitemap.xml
/product/inner-west-volley-mens-jersey-black-white,product,publish,same_url,/product/inner-west-volley-mens-jersey-black-white,200,nextjs,product handle is clean and preserved 1:1 on /product/<slug>,false,exports/products.json; sitemap:product-sitemap.xml; internal link x3
/product/inner-west-volley-mens-polo-shirt,product,publish,same_url,/product/inner-west-volley-mens-polo-shirt,200,nextjs,product handle is clean and preserved 1:1 on /product/<slug>,false,exports/products.json; sitemap:product-sitemap.xml
/product/inner-west-volley-mens-training-t-shirt,product,publish,same_url,/product/inner-west-volley-mens-training-t-shirt,200,nextjs,product handle is clean and preserved 1:1 on /product/<slug>,false,exports/products.json; sitemap:product-sitemap.xml; internal link x3
/product/inner-west-volley-socks-1-pair,product,publish,same_url,/product/inner-west-volley-socks-1-pair,200,nextjs,product handle is clean and preserved 1:1 on /product/<slug>,false,exports/products.json; sitemap:product-sitemap.xml
/product/inner-west-volley-unisex-hats,product,publish,same_url,/product/inner-west-volley-unisex-hats,200,nextjs,product handle is clean and preserved 1:1 on /product/<slug>,false,exports/products.json; sitemap:product-sitemap.xml
/product/inner-west-volley-womens-old-style,product,publish,same_url,/product/inner-west-volley-womens-old-style,200,nextjs,product handle is clean and preserved 1:1 on /product/<slug>,false,exports/products.json; sitemap:product-sitemap.xml
/product/inner-west-volley-womens-training-t-shirt,product,publish,same_url,/product/inner-west-volley-womens-training-t-shirt,200,nextjs,product handle is clean and preserved 1:1 on /product/<slug>,false,exports/products.json; sitemap:product-sitemap.xml
/product/innerwest-volley-brione-jacket,product,publish,same_url,/product/innerwest-volley-brione-jacket,200,nextjs,product handle is clean and preserved 1:1 on /product/<slug>,false,exports/products.json; sitemap:product-sitemap.xml; internal link x3
/product/innerwest-volley-brione-pants-trousers,product,publish,same_url,/product/innerwest-volley-brione-pants-trousers,200,nextjs,product handle is clean and preserved 1:1 on /product/<slug>,false,exports/products.json; sitemap:product-sitemap.xml; internal link x5
/product/innerwestvolley-womens-shorts-black-white,product,publish,same_url,/product/innerwestvolley-womens-shorts-black-white,200,nextjs,product handle is clean and preserved 1:1 on /product/<slug>,false,exports/products.json; sitemap:product-sitemap.xml
/product/isol-casa-black,product,publish,same_url,/product/isol-casa-black,200,nextjs,product handle is clean and preserved 1:1 on /product/<slug>,false,exports/products.json; sitemap:product-sitemap.xml; internal link x3
/product/italia-looney-tunes-kid-shirt,product,publish,same_url,/product/italia-looney-tunes-kid-shirt,200,nextjs,product handle is clean and preserved 1:1 on /product/<slug>,false,exports/products.json; sitemap:product-sitemap.xml
/product/italian-volleyball-jersey,product,publish,same_url,/product/italian-volleyball-jersey,200,nextjs,product handle is clean and preserved 1:1 on /product/<slug>,false,exports/products.json; sitemap:product-sitemap.xml
/product/jordy-man,product,publish,same_url,/product/jordy-man,200,nextjs,product handle is clean and preserved 1:1 on /product/<slug>,false,exports/products.json; sitemap:product-sitemap.xml
/product/jump-spin-socks-1-pairs-pack,product,publish,same_url,/product/jump-spin-socks-1-pairs-pack,200,nextjs,product handle is clean and preserved 1:1 on /product/<slug>,false,exports/products.json; sitemap:product-sitemap.xml
/product/kdu-shirt,product,publish,same_url,/product/kdu-shirt,200,nextjs,product handle is clean and preserved 1:1 on /product/<slug>,false,exports/products.json; sitemap:product-sitemap.xml; internal link x3
/product/knee-pads-sleek,product,publish,same_url,/product/knee-pads-sleek,200,nextjs,product handle is clean and preserved 1:1 on /product/<slug>,false,exports/products.json; sitemap:product-sitemap.xml; internal link x3
/product/knee-pads-spike,product,publish,same_url,/product/knee-pads-spike,200,nextjs,product handle is clean and preserved 1:1 on /product/<slug>,false,exports/products.json; sitemap:product-sitemap.xml; internal link x3
/product/looney-tunes-kids-short,product,publish,same_url,/product/looney-tunes-kids-short,200,nextjs,product handle is clean and preserved 1:1 on /product/<slug>,false,exports/products.json; sitemap:product-sitemap.xml
/product/macron-shirt-kids,product,publish,same_url,/product/macron-shirt-kids,200,nextjs,product handle is clean and preserved 1:1 on /product/<slug>,false,exports/products.json; sitemap:product-sitemap.xml; internal link x5
/product/mcos-nsw-short,product,publish,same_url,/product/mcos-nsw-short,200,nextjs,product handle is clean and preserved 1:1 on /product/<slug>,false,exports/products.json; sitemap:product-sitemap.xml; internal link x3
/product/mizuno-t-shirt,product,publish,same_url,/product/mizuno-t-shirt,200,nextjs,product handle is clean and preserved 1:1 on /product/<slug>,false,exports/products.json; sitemap:product-sitemap.xml
/product/modena-jersey,product,publish,same_url,/product/modena-jersey,200,nextjs,product handle is clean and preserved 1:1 on /product/<slug>,false,exports/products.json; sitemap:product-sitemap.xml; internal link x3
/product/modena-unisex-jacket,product,publish,same_url,/product/modena-unisex-jacket,200,nextjs,product handle is clean and preserved 1:1 on /product/<slug>,false,exports/products.json; sitemap:product-sitemap.xml
/product/modena-volley-jersey,product,publish,same_url,/product/modena-volley-jersey,200,nextjs,product handle is clean and preserved 1:1 on /product/<slug>,false,exports/products.json; sitemap:product-sitemap.xml
/product/modena-volley-shorts,product,publish,same_url,/product/modena-volley-shorts,200,nextjs,product handle is clean and preserved 1:1 on /product/<slug>,false,exports/products.json; sitemap:product-sitemap.xml
/product/mv-jackets,product,publish,same_url,/product/mv-jackets,200,nextjs,product handle is clean and preserved 1:1 on /product/<slug>,false,exports/products.json; sitemap:product-sitemap.xml; internal link x3
/product/nago,product,publish,same_url,/product/nago,200,nextjs,product handle is clean and preserved 1:1 on /product/<slug>,false,exports/products.json; sitemap:product-sitemap.xml
/product/nine-jump-socks-1-pair-pack,product,publish,same_url,/product/nine-jump-socks-1-pair-pack,200,nextjs,product handle is clean and preserved 1:1 on /product/<slug>,false,exports/products.json; sitemap:product-sitemap.xml
/product/nine-knee-pads-new-shield,product,publish,same_url,/product/nine-knee-pads-new-shield,200,nextjs,product handle is clean and preserved 1:1 on /product/<slug>,false,exports/products.json; sitemap:product-sitemap.xml; internal link x3
/product/nine-rain-jacket-ibiza-white,product,publish,same_url,/product/nine-rain-jacket-ibiza-white,200,nextjs,product handle is clean and preserved 1:1 on /product/<slug>,false,exports/products.json; sitemap:product-sitemap.xml
/product/nine-rain-jacket-nine,product,publish,same_url,/product/nine-rain-jacket-nine,200,nextjs,product handle is clean and preserved 1:1 on /product/<slug>,false,exports/products.json; sitemap:product-sitemap.xml
/product/nine-rain-jacket-osaka-ocean,product,publish,same_url,/product/nine-rain-jacket-osaka-ocean,200,nextjs,product handle is clean and preserved 1:1 on /product/<slug>,false,exports/products.json; sitemap:product-sitemap.xml
/product/nine-singlet-modena-volley,product,publish,same_url,/product/nine-singlet-modena-volley,200,nextjs,product handle is clean and preserved 1:1 on /product/<slug>,false,exports/products.json; sitemap:product-sitemap.xml
/product/nine-volleyball-x-tape,product,publish,same_url,/product/nine-volleyball-x-tape,200,nextjs,product handle is clean and preserved 1:1 on /product/<slug>,false,exports/products.json; sitemap:product-sitemap.xml
/product/nine-womens-shorts-ibiza,product,publish,same_url,/product/nine-womens-shorts-ibiza,200,nextjs,product handle is clean and preserved 1:1 on /product/<slug>,false,exports/products.json; sitemap:product-sitemap.xml
/product/ora,product,publish,same_url,/product/ora,200,nextjs,product handle is clean and preserved 1:1 on /product/<slug>,false,exports/products.json; sitemap:product-sitemap.xml
/product/pallavalo-shirt,product,publish,same_url,/product/pallavalo-shirt,200,nextjs,product handle is clean and preserved 1:1 on /product/<slug>,false,exports/products.json; sitemap:product-sitemap.xml; internal link x3
/product/petrol-short-light-female,product,publish,same_url,/product/petrol-short-light-female,200,nextjs,product handle is clean and preserved 1:1 on /product/<slug>,false,exports/products.json; sitemap:product-sitemap.xml
/product/pipe-2-man,product,draft,client_decision,,,none,draft product has no public legacy URL; client to confirm whether it is published on Shopify (then same path) or retired,true,exports/products.json; no public permalink (?post_type=product&p=1625)
/product/pipe-2-woman,product,draft,client_decision,,,none,draft product has no public legacy URL; client to confirm whether it is published on Shopify (then same path) or retired,true,exports/products.json; no public permalink (?post_type=product&p=1626)
/product/ponale-jacket,product,publish,same_url,/product/ponale-jacket,200,nextjs,product handle is clean and preserved 1:1 on /product/<slug>,false,exports/products.json; sitemap:product-sitemap.xml
/product/ponale-pants,product,publish,same_url,/product/ponale-pants,200,nextjs,product handle is clean and preserved 1:1 on /product/<slug>,false,exports/products.json; sitemap:product-sitemap.xml
/product/ponale-sweater,product,publish,same_url,/product/ponale-sweater,200,nextjs,product handle is clean and preserved 1:1 on /product/<slug>,false,exports/products.json; sitemap:product-sitemap.xml
/product/premier-provolley-jersey-2026-27,product,publish,same_url,/product/premier-provolley-jersey-2026-27,200,nextjs,product handle is clean and preserved 1:1 on /product/<slug>,false,exports/products.json; sitemap:product-sitemap.xml; internal link x3
/product/premier-provolley-shorts-2026-27,product,publish,same_url,/product/premier-provolley-shorts-2026-27,200,nextjs,product handle is clean and preserved 1:1 on /product/<slug>,false,exports/products.json; sitemap:product-sitemap.xml
/product/presser-polo-t-shirt,product,publish,same_url,/product/presser-polo-t-shirt,200,nextjs,product handle is clean and preserved 1:1 on /product/<slug>,false,exports/products.json; sitemap:product-sitemap.xml
/product/prosporter-ball-cart-trolley,product,publish,same_url,/product/prosporter-ball-cart-trolley,200,nextjs,product handle is clean and preserved 1:1 on /product/<slug>,false,exports/products.json; sitemap:product-sitemap.xml; internal link x5
/product/prosporter-ball-cart-trolley-replacement-bag-inner-fabric,product,publish,same_url,/product/prosporter-ball-cart-trolley-replacement-bag-inner-fabric,200,nextjs,product handle is clean and preserved 1:1 on /product/<slug>,false,exports/products.json; sitemap:product-sitemap.xml; internal link x5
/product/provolley-brione-full-zip-track-jacket,product,publish,same_url,/product/provolley-brione-full-zip-track-jacket,200,nextjs,product handle is clean and preserved 1:1 on /product/<slug>,false,exports/products.json; sitemap:product-sitemap.xml; internal link x3
/product/provolley-brione-full-zip-tracksuit-navy,product,publish,same_url,/product/provolley-brione-full-zip-tracksuit-navy,200,nextjs,product handle is clean and preserved 1:1 on /product/<slug>,false,exports/products.json; sitemap:product-sitemap.xml; internal link x3
/product/provolley-brione-track-pants,product,publish,same_url,/product/provolley-brione-track-pants,200,nextjs,product handle is clean and preserved 1:1 on /product/<slug>,false,exports/products.json; sitemap:product-sitemap.xml; internal link x3
/product/provolley-jersey,product,publish,same_url,/product/provolley-jersey,200,nextjs,product handle is clean and preserved 1:1 on /product/<slug>,false,exports/products.json; sitemap:product-sitemap.xml
/product/provolley-kids-t-shirt-with-number,product,publish,same_url,/product/provolley-kids-t-shirt-with-number,200,nextjs,product handle is clean and preserved 1:1 on /product/<slug>,false,exports/products.json; sitemap:product-sitemap.xml
/product/provolley-kids-training-shorts,product,publish,same_url,/product/provolley-kids-training-shorts,200,nextjs,product handle is clean and preserved 1:1 on /product/<slug>,false,exports/products.json; sitemap:product-sitemap.xml
/product/provolley-kids-training-t-shirt,product,publish,same_url,/product/provolley-kids-training-t-shirt,200,nextjs,product handle is clean and preserved 1:1 on /product/<slug>,false,exports/products.json; sitemap:product-sitemap.xml
/product/provolley-men-old-style-shorts,product,publish,same_url,/product/provolley-men-old-style-shorts,200,nextjs,product handle is clean and preserved 1:1 on /product/<slug>,false,exports/products.json; sitemap:product-sitemap.xml
/product/provolley-men-training-t-shirt-navy,product,publish,same_url,/product/provolley-men-training-t-shirt-navy,200,nextjs,product handle is clean and preserved 1:1 on /product/<slug>,false,exports/products.json; sitemap:product-sitemap.xml; internal link x3
/product/provolley-mens-shorts-navy-white-yellow-copy,product,publish,same_url,/product/provolley-mens-shorts-navy-white-yellow-copy,200,nextjs,product handle is clean and preserved 1:1 on /product/<slug>,false,exports/products.json; sitemap:product-sitemap.xml
/product/provolley-mens-volleyball-jersey-sydney,product,publish,same_url,/product/provolley-mens-volleyball-jersey-sydney,200,nextjs,product handle is clean and preserved 1:1 on /product/<slug>,false,exports/products.json; sitemap:product-sitemap.xml
/product/provolley-menss-polo-2026-27-nine-teamwear,product,publish,same_url,/product/provolley-menss-polo-2026-27-nine-teamwear,200,nextjs,product handle is clean and preserved 1:1 on /product/<slug>,false,exports/products.json; sitemap:product-sitemap.xml; internal link x3
/product/provolley-premium-t-shirt-cinque-men,product,publish,same_url,/product/provolley-premium-t-shirt-cinque-men,200,nextjs,product handle is clean and preserved 1:1 on /product/<slug>,false,exports/products.json; sitemap:product-sitemap.xml
/product/provolley-premium-tshirt-cinque-women,product,publish,same_url,/product/provolley-premium-tshirt-cinque-women,200,nextjs,product handle is clean and preserved 1:1 on /product/<slug>,false,exports/products.json; sitemap:product-sitemap.xml
/product/provolley-socks-1-pair,product,publish,same_url,/product/provolley-socks-1-pair,200,nextjs,product handle is clean and preserved 1:1 on /product/<slug>,false,exports/products.json; sitemap:product-sitemap.xml
/product/provolley-team-sweater-nine-unisex,product,publish,same_url,/product/provolley-team-sweater-nine-unisex,200,nextjs,product handle is clean and preserved 1:1 on /product/<slug>,false,exports/products.json; sitemap:product-sitemap.xml
/product/provolley-training-t-shirt,product,publish,same_url,/product/provolley-training-t-shirt,200,nextjs,product handle is clean and preserved 1:1 on /product/<slug>,false,exports/products.json; sitemap:product-sitemap.xml
/product/provolley-training-t-shirt-zero-2-yellow,product,draft,client_decision,,,none,draft product has no public legacy URL; client to confirm whether it is published on Shopify (then same path) or retired,true,exports/products.json; no public permalink (?post_type=product&p=3667)
/product/provolley-unisex-hats,product,publish,same_url,/product/provolley-unisex-hats,200,nextjs,product handle is clean and preserved 1:1 on /product/<slug>,false,exports/products.json; sitemap:product-sitemap.xml
/product/provolley-winter-hoodie-2024,product,publish,same_url,/product/provolley-winter-hoodie-2024,200,nextjs,product handle is clean and preserved 1:1 on /product/<slug>,false,exports/products.json; sitemap:product-sitemap.xml
/product/provolley-winter-pants-teamwear-2024,product,publish,same_url,/product/provolley-winter-pants-teamwear-2024,200,nextjs,product handle is clean and preserved 1:1 on /product/<slug>,false,exports/products.json; sitemap:product-sitemap.xml
/product/provolley-women-shorts-navy-white-yellow,product,publish,same_url,/product/provolley-women-shorts-navy-white-yellow,200,nextjs,product handle is clean and preserved 1:1 on /product/<slug>,false,exports/products.json; sitemap:product-sitemap.xml
/product/provolley-womens-jersey,product,publish,same_url,/product/provolley-womens-jersey,200,nextjs,product handle is clean and preserved 1:1 on /product/<slug>,false,exports/products.json; sitemap:product-sitemap.xml; internal link x3
/product/provolley-womens-old-style-short,product,publish,same_url,/product/provolley-womens-old-style-short,200,nextjs,product handle is clean and preserved 1:1 on /product/<slug>,false,exports/products.json; sitemap:product-sitemap.xml
/product/provolley-womens-polo-2026-27,product,publish,same_url,/product/provolley-womens-polo-2026-27,200,nextjs,product handle is clean and preserved 1:1 on /product/<slug>,false,exports/products.json; sitemap:product-sitemap.xml; internal link x3
/product/provolley-womens-training-t-shirt-nine,product,publish,same_url,/product/provolley-womens-training-t-shirt-nine,200,nextjs,product handle is clean and preserved 1:1 on /product/<slug>,false,exports/products.json; sitemap:product-sitemap.xml
/product/provolley-womens-volleyball-jersey-sydney-australia,product,publish,same_url,/product/provolley-womens-volleyball-jersey-sydney-australia,200,nextjs,product handle is clean and preserved 1:1 on /product/<slug>,false,exports/products.json; sitemap:product-sitemap.xml
/product/quick-2-unisex,product,publish,same_url,/product/quick-2-unisex,200,nextjs,product handle is clean and preserved 1:1 on /product/<slug>,false,exports/products.json; sitemap:product-sitemap.xml
/product/quick-unisex,product,draft,client_decision,,,none,draft product has no public legacy URL; client to confirm whether it is published on Shopify (then same path) or retired,true,exports/products.json; no public permalink (?post_type=product&p=1633)
/product/rich-unisex,product,draft,client_decision,,,none,draft product has no public legacy URL; client to confirm whether it is published on Shopify (then same path) or retired,true,exports/products.json; no public permalink (?post_type=product&p=1634)
/product/royal-male-t-shirt,product,publish,same_url,/product/royal-male-t-shirt,200,nextjs,product handle is clean and preserved 1:1 on /product/<slug>,false,exports/products.json; sitemap:product-sitemap.xml
/product/royal-male-t-shirt-2,product,publish,client_decision,,,none,duplicate handle: 'royal-male-t-shirt-2' and 'royal-male-t-shirt' are both live products; client to pick the canonical handle before the loser is 301'd,true,exports/products.json; sitemap:product-sitemap.xml
/product/royal-unisex-jacket,product,publish,same_url,/product/royal-unisex-jacket,200,nextjs,product handle is clean and preserved 1:1 on /product/<slug>,false,exports/products.json; sitemap:product-sitemap.xml
/product/royal-unisex-pants-black,product,publish,same_url,/product/royal-unisex-pants-black,200,nextjs,product handle is clean and preserved 1:1 on /product/<slug>,false,exports/products.json; sitemap:product-sitemap.xml
/product/sette-man,product,draft,client_decision,,,none,draft product has no public legacy URL; client to confirm whether it is published on Shopify (then same path) or retired,true,exports/products.json; no public permalink (?post_type=product&p=1635)
/product/sette-shirt,product,publish,same_url,/product/sette-shirt,200,nextjs,product handle is clean and preserved 1:1 on /product/<slug>,false,exports/products.json; sitemap:product-sitemap.xml; internal link x3
/product/sette-woman,product,draft,client_decision,,,none,draft product has no public legacy URL; client to confirm whether it is published on Shopify (then same path) or retired,true,exports/products.json; no public permalink (?post_type=product&p=1636)
/product/slide-zip,product,publish,same_url,/product/slide-zip,200,nextjs,product handle is clean and preserved 1:1 on /product/<slug>,false,exports/products.json; sitemap:product-sitemap.xml
/product/spikers-turf-t-shirt,product,publish,same_url,/product/spikers-turf-t-shirt,200,nextjs,product handle is clean and preserved 1:1 on /product/<slug>,false,exports/products.json; sitemap:product-sitemap.xml
/product/stivo-jacket,product,publish,same_url,/product/stivo-jacket,200,nextjs,product handle is clean and preserved 1:1 on /product/<slug>,false,exports/products.json; sitemap:product-sitemap.xml
/product/stivo-pants,product,publish,same_url,/product/stivo-pants,200,nextjs,product handle is clean and preserved 1:1 on /product/<slug>,false,exports/products.json; sitemap:product-sitemap.xml
/product/tennessee-shirt,product,publish,same_url,/product/tennessee-shirt,200,nextjs,product handle is clean and preserved 1:1 on /product/<slug>,false,exports/products.json; sitemap:product-sitemap.xml; internal link x3
/product/tre-man,product,draft,client_decision,,,none,draft product has no public legacy URL; client to confirm whether it is published on Shopify (then same path) or retired,true,exports/products.json; no public permalink (?post_type=product&p=1648)
/product/tre-woman,product,draft,client_decision,,,none,draft product has no public legacy URL; client to confirm whether it is published on Shopify (then same path) or retired,true,exports/products.json; no public permalink (?post_type=product&p=1649)
/product/val-jacket,product,publish,same_url,/product/val-jacket,200,nextjs,product handle is clean and preserved 1:1 on /product/<slug>,false,exports/products.json; sitemap:product-sitemap.xml
/product/val-male-t-shirt,product,publish,same_url,/product/val-male-t-shirt,200,nextjs,product handle is clean and preserved 1:1 on /product/<slug>,false,exports/products.json; sitemap:product-sitemap.xml
/product/val-polo-mens,product,publish,same_url,/product/val-polo-mens,200,nextjs,product handle is clean and preserved 1:1 on /product/<slug>,false,exports/products.json; sitemap:product-sitemap.xml
/product/velo-collar-zip,product,draft,client_decision,,,none,draft product has no public legacy URL; client to confirm whether it is published on Shopify (then same path) or retired,true,exports/products.json; no public permalink (?post_type=product&p=1650)
/product/velo-jacket,product,draft,client_decision,,,none,draft product has no public legacy URL; client to confirm whether it is published on Shopify (then same path) or retired,true,exports/products.json; no public permalink (?post_type=product&p=1652)
/product/velo-pants,product,publish,same_url,/product/velo-pants,200,nextjs,product handle is clean and preserved 1:1 on /product/<slug>,false,exports/products.json; sitemap:product-sitemap.xml
/product/warm-up-unisex,product,draft,client_decision,,,none,draft product has no public legacy URL; client to confirm whether it is published on Shopify (then same path) or retired,true,exports/products.json; no public permalink (?post_type=product&p=1655)
/product/womens-volleyball-jersey-sydney-australia,product,publish,same_url,/product/womens-volleyball-jersey-sydney-australia,200,nextjs,product handle is clean and preserved 1:1 on /product/<slug>,false,exports/products.json; sitemap:product-sitemap.xml
/product/zero-2-unisex,product,publish,same_url,/product/zero-2-unisex,200,nextjs,product handle is clean and preserved 1:1 on /product/<slug>,false,exports/products.json; sitemap:product-sitemap.xml
/brand/ninesquared,product_brand,publish,client_decision,,,none,product brand archive; the approved IA has no brand collection - client to decide a Shopify vendor collection or retirement,true,system URL (WooCommerce/WordPress convention); sitemap:product_brand-sitemap.xml
/product-category/backpacks-bags,product_category,publish,301,/shop/accessories,308,nextjs,type: Backpacks & Bags -> Accessories,false,exports/product_categories.json (count=3); sitemap:product_cat-sitemap.xml
/product-category/ball-cart-trolley,product_category,publish,301,/shop/accessories,308,nextjs,coaching/equipment singleton folded into Accessories,false,exports/product_categories.json (count=2); sitemap:product_cat-sitemap.xml; internal link x2
/product-category/beach-volleyball,product_category,publish,301,/shop/beach,308,nextjs,surface axis -> Beach collection,false,exports/product_categories.json (count=20); sitemap:product_cat-sitemap.xml
/product-category/beach-volleyball/bikini-bottoms,product_category,publish,301,/shop/shorts-pants,308,nextjs,type axis wins over surface: Bikini Bottoms -> Shorts & Pants,false,exports/product_categories.json (count=7); sitemap:product_cat-sitemap.xml
/product-category/beach-volleyball/singlets,product_category,publish,301,/shop/tops,308,nextjs,type: Singlets -> Tops,false,exports/product_categories.json (count=5); sitemap:product_cat-sitemap.xml
/product-category/beach-volleyball/top-crop,product_category,publish,301,/shop/tops,308,nextjs,type: Top Crop -> Tops,false,exports/product_categories.json (count=8); sitemap:product_cat-sitemap.xml
/product-category/bikini-bottoms,product_category,publish,301,/shop/shorts-pants,308,nextjs,type axis wins over surface: Bikini Bottoms -> Shorts & Pants,false,exports/product_categories.json (count=7); non-hierarchical alias path
/product-category/coaching,product_category,publish,301,/shop/accessories,308,nextjs,coaching folded into Accessories,false,exports/product_categories.json (count=3); sitemap:product_cat-sitemap.xml
/product-category/elbow-pads,product_category,publish,301,/shop/accessories,308,nextjs,protective gear folded into Accessories,false,exports/product_categories.json (count=1); sitemap:product_cat-sitemap.xml; internal link x2
/product-category/hoodies,product_category,publish,301,/shop/hoodies-jackets,308,nextjs,type: Hoodies -> Hoodies & Jackets,false,exports/product_categories.json (count=7); sitemap:product_cat-sitemap.xml
/product-category/inner-west-volley,product_category,publish,301,/shop/clubs/inner-west-volley,308,nextjs,club axis -> Inner West Volley,false,exports/product_categories.json (count=5); non-hierarchical alias path
/product-category/jackets,product_category,publish,301,/shop/hoodies-jackets,308,nextjs,type: Jackets -> Hoodies & Jackets,false,exports/product_categories.json (count=5); sitemap:product_cat-sitemap.xml; internal link x1
/product-category/jerseys,product_category,publish,301,/shop/jerseys,308,nextjs,type: Jerseys -> Jerseys,false,exports/product_categories.json (count=8); sitemap:product_cat-sitemap.xml; internal link x2
/product-category/kneepads,product_category,publish,301,/shop/accessories,308,nextjs,protective gear folded into Accessories,false,exports/product_categories.json (count=3); sitemap:product_cat-sitemap.xml; internal link x5
/product-category/pants,product_category,publish,301,/shop/shorts-pants,308,nextjs,type: Pants -> Shorts & Pants,false,exports/product_categories.json (count=5); sitemap:product_cat-sitemap.xml; internal link x1
/product-category/polo-shirts,product_category,publish,301,/shop/tops,308,nextjs,type: Polo Shirts -> Tops,false,exports/product_categories.json (count=3); sitemap:product_cat-sitemap.xml
/product-category/provolley-academy,product_category,publish,301,/shop/clubs/provolley-academy,308,nextjs,club axis -> ProVolley Academy,false,exports/product_categories.json (count=13); non-hierarchical alias path
/product-category/rain-jacket,product_category,publish,301,/shop/hoodies-jackets,308,nextjs,type: Rain Jacket -> Hoodies & Jackets,false,exports/product_categories.json (count=3); sitemap:product_cat-sitemap.xml
/product-category/shorts,product_category,publish,301,/shop/shorts-pants,308,nextjs,type: Shorts -> Shorts & Pants,false,exports/product_categories.json (count=24); sitemap:product_cat-sitemap.xml; internal link x1
/product-category/singlets,product_category,publish,301,/shop/tops,308,nextjs,type: Singlets -> Tops,false,exports/product_categories.json (count=5); non-hierarchical alias path
/product-category/sleeves,product_category,publish,301,/shop/accessories,308,nextjs,protective gear folded into Accessories,false,exports/product_categories.json (count=40); sitemap:product_cat-sitemap.xml; internal link x10
/product-category/socks,product_category,publish,301,/shop/accessories,308,nextjs,type: Socks -> Accessories,false,exports/product_categories.json (count=4); sitemap:product_cat-sitemap.xml
/product-category/sweat-suit,product_category,publish,301,/shop/hoodies-jackets,308,nextjs,singleton legacy category folded into Hoodies & Jackets (IA-SPEC rule 5),false,exports/product_categories.json (count=1); sitemap:product_cat-sitemap.xml
/product-category/sweater,product_category,publish,301,/shop/hoodies-jackets,308,nextjs,type: Sweater -> Hoodies & Jackets,false,exports/product_categories.json (count=3); sitemap:product_cat-sitemap.xml
/product-category/t-shirts,product_category,publish,301,/shop/tops,308,nextjs,type: T-Shirts -> Tops,false,exports/product_categories.json (count=11); sitemap:product_cat-sitemap.xml; internal link x2
/product-category/teamwear,product_category,publish,301,/shop/clubs/teamwear,308,nextjs,club axis -> Clubs & Teams / Teamwear,false,exports/product_categories.json (count=26); sitemap:product_cat-sitemap.xml
/product-category/teamwear/inner-west-volley,product_category,publish,301,/shop/clubs/inner-west-volley,308,nextjs,club axis -> Inner West Volley,false,exports/product_categories.json (count=5)
/product-category/teamwear/provolley-academy,product_category,publish,301,/shop/clubs/provolley-academy,308,nextjs,club axis -> ProVolley Academy,false,exports/product_categories.json (count=13); sitemap:product_cat-sitemap.xml
/product-category/top-crop,product_category,publish,301,/shop/tops,308,nextjs,type: Top Crop -> Tops,false,exports/product_categories.json (count=8); non-hierarchical alias path
/product-category/women,product_category,publish,client_decision,,,none,"gender is a filter axis in the approved IA, not a collection route; client to choose a filtered landing page or retirement",true,exports/product_categories.json (count=7); sitemap:product_cat-sitemap.xml
/product-tag/auckland,product_tag,publish,301,/shop,308,nextjs,geographic/marketing SEO tag with no approved collection; Shop All is the nearest genuine listing (never the home page),true,exports/product_tags.json (count=1); sitemap:product_tag-sitemap.xml
/product-tag/australia,product_tag,publish,301,/shop,308,nextjs,geographic/marketing SEO tag with no approved collection; Shop All is the nearest genuine listing (never the home page),true,exports/product_tags.json (count=1); sitemap:product_tag-sitemap.xml
/product-tag/beach,product_tag,publish,301,/shop/beach,308,nextjs,surface axis: tag contains 'beach',false,exports/product_tags.json (count=10); sitemap:product_tag-sitemap.xml
/product-tag/brisbane,product_tag,publish,301,/shop,308,nextjs,geographic/marketing SEO tag with no approved collection; Shop All is the nearest genuine listing (never the home page),true,exports/product_tags.json (count=1); sitemap:product_tag-sitemap.xml
/product-tag/comfort,product_tag,publish,410,,410,nextjs,"empty tag archive, not in the Yoast sitemap",false,exports/product_tags.json (count=0)
/product-tag/custom-made-jersey,product_tag,publish,301,/shop/jerseys,308,nextjs,type axis: tag contains 'jersey',false,exports/product_tags.json (count=1); sitemap:product_tag-sitemap.xml
/product-tag/custom-volleyball-jersey,product_tag,publish,301,/shop/jerseys,308,nextjs,type axis: tag contains 'jersey',false,exports/product_tags.json (count=2); sitemap:product_tag-sitemap.xml
/product-tag/homepage,product_tag,publish,410,,410,nextjs,internal merchandising flag with no user-facing equivalent,false,exports/product_tags.json (count=16); sitemap:product_tag-sitemap.xml
/product-tag/hoodie,product_tag,publish,301,/shop/hoodies-jackets,308,nextjs,type axis: tag contains 'hoodie',false,exports/product_tags.json (count=0)
/product-tag/inner-west-volley,product_tag,publish,301,/shop/clubs/inner-west-volley,308,nextjs,club axis: tag contains 'inner-west-volley',false,exports/product_tags.json (count=7); sitemap:product_tag-sitemap.xml
/product-tag/jersey,product_tag,publish,301,/shop/jerseys,308,nextjs,type axis: tag contains 'jersey',false,exports/product_tags.json (count=0)
/product-tag/melbourne,product_tag,publish,301,/shop,308,nextjs,geographic/marketing SEO tag with no approved collection; Shop All is the nearest genuine listing (never the home page),true,exports/product_tags.json (count=1); sitemap:product_tag-sitemap.xml
/product-tag/men-volleyball-jersey,product_tag,publish,301,/shop/jerseys,308,nextjs,type axis: tag contains 'jersey',false,exports/product_tags.json (count=1); sitemap:product_tag-sitemap.xml
/product-tag/mens-volleyball-jersey,product_tag,publish,301,/shop/jerseys,308,nextjs,type axis: tag contains 'jersey',false,exports/product_tags.json (count=1); sitemap:product_tag-sitemap.xml
/product-tag/mens-volleyball-uniform,product_tag,publish,301,/shop/jerseys,308,nextjs,type axis: tag contains 'uniform',true,exports/product_tags.json (count=2); sitemap:product_tag-sitemap.xml
/product-tag/new-zealand,product_tag,publish,301,/shop,308,nextjs,geographic/marketing SEO tag with no approved collection; Shop All is the nearest genuine listing (never the home page),true,exports/product_tags.json (count=1); sitemap:product_tag-sitemap.xml
/product-tag/nine-australia,product_tag,publish,client_decision,,,none,brand tag; the approved IA has no brand collection - client to decide a Shopify vendor collection or retirement,true,exports/product_tags.json (count=1); sitemap:product_tag-sitemap.xml
/product-tag/nine-volleyball-apparel,product_tag,publish,client_decision,,,none,brand tag; the approved IA has no brand collection - client to decide a Shopify vendor collection or retirement,true,exports/product_tags.json (count=2); sitemap:product_tag-sitemap.xml
/product-tag/ninesquared,product_tag,publish,client_decision,,,none,brand tag; the approved IA has no brand collection - client to decide a Shopify vendor collection or retirement,true,exports/product_tags.json (count=5); sitemap:product_tag-sitemap.xml
/product-tag/ninesquared-polo,product_tag,publish,301,/shop/tops,308,nextjs,type axis: tag contains 'polo',false,exports/product_tags.json (count=2); sitemap:product_tag-sitemap.xml
/product-tag/ninesquared-sweater,product_tag,publish,301,/shop/hoodies-jackets,308,nextjs,type axis: tag contains 'sweater',false,exports/product_tags.json (count=1); sitemap:product_tag-sitemap.xml
/product-tag/nsw-volleyball,product_tag,publish,301,/shop,308,nextjs,geographic/marketing SEO tag with no approved collection; Shop All is the nearest genuine listing (never the home page),true,exports/product_tags.json (count=2); sitemap:product_tag-sitemap.xml
/product-tag/pants,product_tag,publish,301,/shop/shorts-pants,308,nextjs,type axis: tag contains 'pant',false,exports/product_tags.json (count=0)
/product-tag/perth,product_tag,publish,301,/shop,308,nextjs,geographic/marketing SEO tag with no approved collection; Shop All is the nearest genuine listing (never the home page),true,exports/product_tags.json (count=1); sitemap:product_tag-sitemap.xml
/product-tag/prosporter,product_tag,publish,client_decision,,,none,brand tag; the approved IA has no brand collection - client to decide a Shopify vendor collection or retirement,true,exports/product_tags.json (count=1); sitemap:product_tag-sitemap.xml
/product-tag/provolley,product_tag,publish,301,/shop/clubs/provolley-academy,308,nextjs,club axis: tag contains 'provolley',false,exports/product_tags.json (count=5); sitemap:product_tag-sitemap.xml
/product-tag/provolley-polo,product_tag,publish,301,/shop/clubs/provolley-academy,308,nextjs,club axis: tag contains 'provolley',false,exports/product_tags.json (count=2); sitemap:product_tag-sitemap.xml
/product-tag/provolley-sweater,product_tag,publish,301,/shop/clubs/provolley-academy,308,nextjs,club axis: tag contains 'provolley',false,exports/product_tags.json (count=1); sitemap:product_tag-sitemap.xml
/product-tag/queensland-volleyball,product_tag,publish,301,/shop,308,nextjs,geographic/marketing SEO tag with no approved collection; Shop All is the nearest genuine listing (never the home page),true,exports/product_tags.json (count=2); sitemap:product_tag-sitemap.xml
/product-tag/set,product_tag,publish,410,,410,nextjs,"empty tag archive, not in the Yoast sitemap",false,exports/product_tags.json (count=0)
/product-tag/sette,product_tag,publish,client_decision,,,none,brand tag; the approved IA has no brand collection - client to decide a Shopify vendor collection or retirement,true,exports/product_tags.json (count=4); sitemap:product_tag-sitemap.xml
/product-tag/shorts,product_tag,publish,301,/shop/shorts-pants,308,nextjs,type axis: tag contains 'short',false,exports/product_tags.json (count=14); sitemap:product_tag-sitemap.xml
/product-tag/socks,product_tag,publish,301,/shop/accessories,308,nextjs,type axis: tag contains 'sock',false,exports/product_tags.json (count=1); sitemap:product_tag-sitemap.xml
/product-tag/south-australia-volleyball,product_tag,publish,301,/shop,308,nextjs,geographic/marketing SEO tag with no approved collection; Shop All is the nearest genuine listing (never the home page),true,exports/product_tags.json (count=2); sitemap:product_tag-sitemap.xml
/product-tag/sportswear,product_tag,publish,301,/shop,308,nextjs,geographic/marketing SEO tag with no approved collection; Shop All is the nearest genuine listing (never the home page),true,exports/product_tags.json (count=1); sitemap:product_tag-sitemap.xml
/product-tag/svl-jersey,product_tag,publish,301,/shop/jerseys,308,nextjs,type axis: tag contains 'jersey',false,exports/product_tags.json (count=4); sitemap:product_tag-sitemap.xml
/product-tag/sydney,product_tag,publish,301,/shop,308,nextjs,geographic/marketing SEO tag with no approved collection; Shop All is the nearest genuine listing (never the home page),true,exports/product_tags.json (count=1); sitemap:product_tag-sitemap.xml
/product-tag/t-shirt,product_tag,publish,301,/shop/tops,308,nextjs,type axis: tag contains 't-shirt',false,exports/product_tags.json (count=2); sitemap:product_tag-sitemap.xml
/product-tag/teamwear,product_tag,publish,301,/shop/clubs/teamwear,308,nextjs,club axis: tag contains 'teamwear',false,exports/product_tags.json (count=1); sitemap:product_tag-sitemap.xml
/product-tag/teamwear-australia,product_tag,publish,301,/shop/clubs/teamwear,308,nextjs,club axis: tag contains 'teamwear',false,exports/product_tags.json (count=2); sitemap:product_tag-sitemap.xml
/product-tag/teamwear-new-zealand,product_tag,publish,301,/shop/clubs/teamwear,308,nextjs,club axis: tag contains 'teamwear',false,exports/product_tags.json (count=2); sitemap:product_tag-sitemap.xml
/product-tag/teamwear-volleyball,product_tag,publish,301,/shop/clubs/teamwear,308,nextjs,club axis: tag contains 'teamwear',false,exports/product_tags.json (count=1); sitemap:product_tag-sitemap.xml
/product-tag/unisex-volleyball-jumper,product_tag,publish,301,/shop/hoodies-jackets,308,nextjs,type axis: tag contains 'jumper',false,exports/product_tags.json (count=1); sitemap:product_tag-sitemap.xml
/product-tag/varone,product_tag,publish,client_decision,,,none,brand tag; the approved IA has no brand collection - client to decide a Shopify vendor collection or retirement,true,exports/product_tags.json (count=2); sitemap:product_tag-sitemap.xml
/product-tag/victoria-volleyball,product_tag,publish,301,/shop,308,nextjs,geographic/marketing SEO tag with no approved collection; Shop All is the nearest genuine listing (never the home page),true,exports/product_tags.json (count=2); sitemap:product_tag-sitemap.xml
/product-tag/volleyball,product_tag,publish,410,,410,nextjs,"empty tag archive, not in the Yoast sitemap",false,exports/product_tags.json (count=0)
/product-tag/volleyball-adelaide,product_tag,publish,301,/shop,308,nextjs,geographic/marketing SEO tag with no approved collection; Shop All is the nearest genuine listing (never the home page),true,exports/product_tags.json (count=2); sitemap:product_tag-sitemap.xml
/product-tag/volleyball-apparel-australia,product_tag,publish,301,/shop,308,nextjs,geographic/marketing SEO tag with no approved collection; Shop All is the nearest genuine listing (never the home page),true,exports/product_tags.json (count=1); sitemap:product_tag-sitemap.xml
/product-tag/volleyball-apparel-new-zealand,product_tag,publish,301,/shop,308,nextjs,geographic/marketing SEO tag with no approved collection; Shop All is the nearest genuine listing (never the home page),true,exports/product_tags.json (count=1); sitemap:product_tag-sitemap.xml
/product-tag/volleyball-auckland,product_tag,publish,301,/shop,308,nextjs,geographic/marketing SEO tag with no approved collection; Shop All is the nearest genuine listing (never the home page),true,exports/product_tags.json (count=2); sitemap:product_tag-sitemap.xml
/product-tag/volleyball-australia,product_tag,publish,301,/shop,308,nextjs,geographic/marketing SEO tag with no approved collection; Shop All is the nearest genuine listing (never the home page),true,exports/product_tags.json (count=1); sitemap:product_tag-sitemap.xml
/product-tag/volleyball-brisbane,product_tag,publish,301,/shop,308,nextjs,geographic/marketing SEO tag with no approved collection; Shop All is the nearest genuine listing (never the home page),true,exports/product_tags.json (count=2); sitemap:product_tag-sitemap.xml
/product-tag/volleyball-clothing-brisbane,product_tag,publish,301,/shop,308,nextjs,geographic/marketing SEO tag with no approved collection; Shop All is the nearest genuine listing (never the home page),true,exports/product_tags.json (count=1); sitemap:product_tag-sitemap.xml
/product-tag/volleyball-clothing-melbourne,product_tag,publish,301,/shop,308,nextjs,geographic/marketing SEO tag with no approved collection; Shop All is the nearest genuine listing (never the home page),true,exports/product_tags.json (count=1); sitemap:product_tag-sitemap.xml
/product-tag/volleyball-clothing-perth,product_tag,publish,301,/shop,308,nextjs,geographic/marketing SEO tag with no approved collection; Shop All is the nearest genuine listing (never the home page),true,exports/product_tags.json (count=1); sitemap:product_tag-sitemap.xml
/product-tag/volleyball-clothing-sydney,product_tag,publish,301,/shop,308,nextjs,geographic/marketing SEO tag with no approved collection; Shop All is the nearest genuine listing (never the home page),true,exports/product_tags.json (count=1); sitemap:product_tag-sitemap.xml
/product-tag/volleyball-jersey,product_tag,publish,301,/shop/jerseys,308,nextjs,type axis: tag contains 'jersey',false,exports/product_tags.json (count=1); sitemap:product_tag-sitemap.xml
/product-tag/volleyball-jersey-australia,product_tag,publish,301,/shop/jerseys,308,nextjs,type axis: tag contains 'jersey',false,exports/product_tags.json (count=2); sitemap:product_tag-sitemap.xml
/product-tag/volleyball-jersey-new-zealand,product_tag,publish,301,/shop/jerseys,308,nextjs,type axis: tag contains 'jersey',false,exports/product_tags.json (count=2); sitemap:product_tag-sitemap.xml
/product-tag/volleyball-jersey-sydney,product_tag,publish,301,/shop/jerseys,308,nextjs,type axis: tag contains 'jersey',false,exports/product_tags.json (count=4); sitemap:product_tag-sitemap.xml
/product-tag/volleyball-jumper-australia,product_tag,publish,301,/shop/hoodies-jackets,308,nextjs,type axis: tag contains 'jumper',false,exports/product_tags.json (count=1); sitemap:product_tag-sitemap.xml
/product-tag/volleyball-melbourne,product_tag,publish,301,/shop,308,nextjs,geographic/marketing SEO tag with no approved collection; Shop All is the nearest genuine listing (never the home page),true,exports/product_tags.json (count=2); sitemap:product_tag-sitemap.xml
/product-tag/volleyball-perth,product_tag,publish,301,/shop,308,nextjs,geographic/marketing SEO tag with no approved collection; Shop All is the nearest genuine listing (never the home page),true,exports/product_tags.json (count=2); sitemap:product_tag-sitemap.xml
/product-tag/volleyball-polo-australia,product_tag,publish,301,/shop/tops,308,nextjs,type axis: tag contains 'polo',false,exports/product_tags.json (count=2); sitemap:product_tag-sitemap.xml
/product-tag/volleyball-polo-new-zealand,product_tag,publish,301,/shop/tops,308,nextjs,type axis: tag contains 'polo',false,exports/product_tags.json (count=2); sitemap:product_tag-sitemap.xml
/product-tag/volleyball-sweater-australia,product_tag,publish,301,/shop/hoodies-jackets,308,nextjs,type axis: tag contains 'sweater',false,exports/product_tags.json (count=1); sitemap:product_tag-sitemap.xml
/product-tag/volleyball-sydney,product_tag,publish,301,/shop,308,nextjs,geographic/marketing SEO tag with no approved collection; Shop All is the nearest genuine listing (never the home page),true,exports/product_tags.json (count=2); sitemap:product_tag-sitemap.xml
/product-tag/volleyball-teamwear,product_tag,publish,301,/shop/clubs/teamwear,308,nextjs,club axis: tag contains 'teamwear',false,exports/product_tags.json (count=1); sitemap:product_tag-sitemap.xml
/product-tag/volleyball-training-sweater,product_tag,publish,301,/shop/hoodies-jackets,308,nextjs,type axis: tag contains 'sweater',false,exports/product_tags.json (count=1); sitemap:product_tag-sitemap.xml
/product-tag/volleyball-uniform,product_tag,publish,301,/shop/jerseys,308,nextjs,type axis: tag contains 'uniform',true,exports/product_tags.json (count=3); sitemap:product_tag-sitemap.xml
/product-tag/volleyball-uniform-australia,product_tag,publish,301,/shop/jerseys,308,nextjs,type axis: tag contains 'uniform',true,exports/product_tags.json (count=3); sitemap:product_tag-sitemap.xml
/product-tag/warmth,product_tag,publish,410,,410,nextjs,"empty tag archive, not in the Yoast sitemap",false,exports/product_tags.json (count=0)
/product-tag/western-australia-volleyball,product_tag,publish,301,/shop,308,nextjs,geographic/marketing SEO tag with no approved collection; Shop All is the nearest genuine listing (never the home page),true,exports/product_tags.json (count=2); sitemap:product_tag-sitemap.xml
/product-tag/womens-volleyball-jersey,product_tag,publish,301,/shop/jerseys,308,nextjs,type axis: tag contains 'jersey',false,exports/product_tags.json (count=2); sitemap:product_tag-sitemap.xml
/product-tag/womens-volleyball-uniform,product_tag,publish,301,/shop/jerseys,308,nextjs,type axis: tag contains 'uniform',true,exports/product_tags.json (count=2); sitemap:product_tag-sitemap.xml
/?s=,search,publish,410,,410,nextjs,WordPress search endpoint; storefront search is a future route and cannot be matched by a path redirect,false,system URL (WooCommerce/WordPress convention)
/carousels-category/home,theme_taxonomy,publish,410,,410,nextjs,theme carousel taxonomy archive; not user-facing content,false,system URL (WooCommerce/WordPress convention); sitemap:carousels_category-sitemap.xml
/checkout/order-pay,woo_system,publish,410,,410,shopify,pay-for-order endpoint; Shopify owns checkout,false,system URL (WooCommerce/WordPress convention)
/checkout/order-received,woo_system,publish,410,,410,shopify,order-received endpoint; Shopify owns the order status page,false,system URL (WooCommerce/WordPress convention)
/my-account/downloads,woo_system,publish,410,,410,shopify,account endpoint; Shopify owns customer accounts,false,system URL (WooCommerce/WordPress convention)
/my-account/edit-account,woo_system,publish,410,,410,shopify,account endpoint; Shopify owns customer accounts,false,system URL (WooCommerce/WordPress convention)
/my-account/edit-address,woo_system,publish,410,,410,shopify,account endpoint; Shopify owns customer accounts,false,system URL (WooCommerce/WordPress convention)
/my-account/lost-password,woo_system,publish,410,,410,shopify,account endpoint; Shopify owns customer accounts,false,system URL (WooCommerce/WordPress convention)
/my-account/orders,woo_system,publish,410,,410,shopify,account endpoint; Shopify owns customer accounts,false,system URL (WooCommerce/WordPress convention)
/order-received/thank-you,woo_system,publish,410,,410,shopify,XLWCTY custom thank-you page; Shopify owns the order status page,false,system URL (WooCommerce/WordPress convention); sitemap:xlwcty_thankyou-sitemap.xml
/shop,woo_system,publish,same_url,/shop,200,nextjs,storefront Shop All; the legacy Woo shop base was /shop-sporter,false,system URL (WooCommerce/WordPress convention)
/product/inner-west-volley-mens-shorts-black-white,yoast_redirect,gone,301,/product/inner-west-volley-men-shorts-black-white,308,nextjs,Yoast Premium redirect from the source site,false,exports/products.json:_yoast_post_redirect_info
/product/innerwestvolley-womens-jersey-black-white,yoast_redirect,gone,301,/product/womens-volleyball-jersey-sydney-australia,308,nextjs,Yoast Premium redirect from the source site,false,exports/products.json:_yoast_post_redirect_info
/product/jump-socks-1-pair-pack,yoast_redirect,gone,301,/product/nine-jump-socks-1-pair-pack,308,nextjs,Yoast Premium redirect from the source site,false,exports/products.json:_yoast_post_redirect_info
/product/knee-pads-new-shield,yoast_redirect,gone,301,/product/nine-knee-pads-new-shield,308,nextjs,Yoast Premium redirect from the source site,false,exports/products.json:_yoast_post_redirect_info
/product/provolley-men-jersey-navy-white-yellow,yoast_redirect,gone,301,/product/provolley-mens-volleyball-jersey-sydney,308,nextjs,Yoast Premium redirect from the source site,false,exports/products.json:_yoast_post_redirect_info
/product/provolley-mens-training-shorts,yoast_redirect,gone,301,/product/provolley-men-old-style-shorts,308,nextjs,Yoast Premium redirect from the source site,false,exports/products.json:_yoast_post_redirect_info
/product/provolley-training-t-shirt-navy,yoast_redirect,gone,301,/product/provolley-men-training-t-shirt-navy,308,nextjs,Yoast Premium redirect from the source site,false,exports/products.json:_yoast_post_redirect_info
/product/provolley-women-jersey-navy-white-yellow,yoast_redirect,gone,301,/product/provolley-womens-volleyball-jersey-sydney-australia,308,nextjs,Yoast Premium redirect from the source site,false,exports/products.json:_yoast_post_redirect_info
/product/slide-man,yoast_redirect,gone,301,/product/provolley-team-sweater-nine-unisex,308,nextjs,Yoast Premium redirect from the source site,false,exports/products.json:_yoast_post_redirect_info
